CREATE DATABASE  IF NOT EXISTS `focus_db` /*!40100 DEFAULT CHARACTER SET utf8mb4 COLLATE utf8mb4_0900_ai_ci */ /*!80016 DEFAULT ENCRYPTION='N' */;
USE `focus_db`;
-- MySQL dump 10.13  Distrib 8.0.30, for Win64 (x86_64)
--
-- Host: i8a106.p.ssafy.io    Database: focus_db
-- ------------------------------------------------------
-- Server version	8.0.32

/*!40101 SET @OLD_CHARACTER_SET_CLIENT=@@CHARACTER_SET_CLIENT */;
/*!40101 SET @OLD_CHARACTER_SET_RESULTS=@@CHARACTER_SET_RESULTS */;
/*!40101 SET @OLD_COLLATION_CONNECTION=@@COLLATION_CONNECTION */;
/*!50503 SET NAMES utf8 */;
/*!40103 SET @OLD_TIME_ZONE=@@TIME_ZONE */;
/*!40103 SET TIME_ZONE='+00:00' */;
/*!40014 SET @OLD_UNIQUE_CHECKS=@@UNIQUE_CHECKS, UNIQUE_CHECKS=0 */;
/*!40014 SET @OLD_FOREIGN_KEY_CHECKS=@@FOREIGN_KEY_CHECKS, FOREIGN_KEY_CHECKS=0 */;
/*!40101 SET @OLD_SQL_MODE=@@SQL_MODE, SQL_MODE='NO_AUTO_VALUE_ON_ZERO' */;
/*!40111 SET @OLD_SQL_NOTES=@@SQL_NOTES, SQL_NOTES=0 */;

--
-- Table structure for table `applicant_statistic`
--

DROP TABLE IF EXISTS `applicant_statistic`;
/*!40101 SET @saved_cs_client     = @@character_set_client */;
/*!50503 SET character_set_client = utf8mb4 */;
CREATE TABLE `applicant_statistic` (
  `statistic_id` bigint NOT NULL,
  `avg_acitivity_count` int NOT NULL DEFAULT '0',
  `avg_applicant_age` int NOT NULL DEFAULT '0',
  `avg_award_count` int NOT NULL DEFAULT '0',
  `college_count` int NOT NULL DEFAULT '0',
  `female_count` int NOT NULL DEFAULT '0',
  `graduate_count` int NOT NULL DEFAULT '0',
  `male_count` int NOT NULL DEFAULT '0',
  `university_count` int NOT NULL DEFAULT '0',
  `process_id` bigint DEFAULT NULL,
  PRIMARY KEY (`statistic_id`),
  KEY `FKjdcllthopyjeqfvf6utf0p0u8` (`process_id`),
  CONSTRAINT `FKjdcllthopyjeqfvf6utf0p0u8` FOREIGN KEY (`process_id`) REFERENCES `process` (`process_id`)
) ENGINE=InnoDB DEFAULT CHARSET=utf8mb4 COLLATE=utf8mb4_0900_ai_ci;
/*!40101 SET character_set_client = @saved_cs_client */;

--
-- Dumping data for table `applicant_statistic`
--

LOCK TABLES `applicant_statistic` WRITE;
/*!40000 ALTER TABLE `applicant_statistic` DISABLE KEYS */;
INSERT INTO `applicant_statistic` VALUES (3,0,0,0,0,0,0,0,0,1),(2105,0,0,0,0,0,0,0,0,12),(2193,0,0,0,0,0,0,0,0,16),(2200,0,0,0,0,0,0,0,0,17);
/*!40000 ALTER TABLE `applicant_statistic` ENABLE KEYS */;
UNLOCK TABLES;

--
-- Table structure for table `applicants`
--

DROP TABLE IF EXISTS `applicants`;
/*!40101 SET @saved_cs_client     = @@character_set_client */;
/*!50503 SET character_set_client = utf8mb4 */;
CREATE TABLE `applicants` (
  `applicant_id` bigint NOT NULL,
  `activity_count` tinyint DEFAULT '0',
  `award_count` tinyint DEFAULT '0',
  `birth` date DEFAULT NULL,
  `code` varchar(45) DEFAULT NULL,
  `degree` varchar(1) DEFAULT NULL,
  `email` varchar(45) DEFAULT NULL,
  `expire_date` datetime(6) DEFAULT NULL,
  `gender` varchar(1) DEFAULT NULL,
  `image` varchar(2090) DEFAULT NULL,
  `name` varchar(45) DEFAULT NULL,
  `pass` tinyint DEFAULT '0',
  `pwd` varchar(64) DEFAULT NULL,
  `resume` varchar(2090) DEFAULT NULL,
  `tel` varchar(13) DEFAULT NULL,
  `user_id` varchar(50) DEFAULT NULL,
  `user_role` tinyint DEFAULT '4',
  `applicant_graduate_id` bigint DEFAULT NULL,
  `applicant_univ_id` bigint DEFAULT NULL,
  `applicant_college_id` bigint DEFAULT NULL,
  `company_admin_id` bigint DEFAULT NULL,
  `process_id` bigint DEFAULT NULL,
  `major` varchar(255) DEFAULT NULL,
  `credit` float NOT NULL,
  `total_credit` float NOT NULL,
  PRIMARY KEY (`applicant_id`),
  KEY `FK48q3o43pjd4cvg7n0hjc2g15o` (`applicant_graduate_id`),
  KEY `FKhks3j7d65fs67r0vov2hmiquq` (`applicant_univ_id`),
  KEY `FK2rrtdxth55qg03gflb4wu3l0g` (`applicant_college_id`),
  KEY `FK9kvw1arndh8dtvmu7b9p5ihpf` (`company_admin_id`),
  KEY `FK28excp5g1j5em8lbndn6puky4` (`process_id`),
  CONSTRAINT `FK28excp5g1j5em8lbndn6puky4` FOREIGN KEY (`process_id`) REFERENCES `process` (`process_id`),
  CONSTRAINT `FK2rrtdxth55qg03gflb4wu3l0g` FOREIGN KEY (`applicant_college_id`) REFERENCES `applicants_colleges` (`applicant_college_id`),
  CONSTRAINT `FK48q3o43pjd4cvg7n0hjc2g15o` FOREIGN KEY (`applicant_graduate_id`) REFERENCES `applicants_graduates` (`applicant_graduate_id`),
  CONSTRAINT `FK9kvw1arndh8dtvmu7b9p5ihpf` FOREIGN KEY (`company_admin_id`) REFERENCES `company_admins` (`company_admin_id`),
  CONSTRAINT `FKhks3j7d65fs67r0vov2hmiquq` FOREIGN KEY (`applicant_univ_id`) REFERENCES `applicants_univs` (`applicant_univ_id`)
) ENGINE=InnoDB DEFAULT CHARSET=utf8mb4 COLLATE=utf8mb4_0900_ai_ci;
/*!40101 SET character_set_client = @saved_cs_client */;

--
-- Dumping data for table `applicants`
--

LOCK TABLES `applicants` WRITE;
/*!40000 ALTER TABLE `applicants` DISABLE KEYS */;
INSERT INTO `applicants` VALUES (1992,1,3,'1998-08-01','10887589','b','jangOK@gmail.com','2023-02-02 16:30:00.000000','m','applicant1992.jpg','장그래',1,'x9Y9AS9eoV','introduce1992.png','010-1881-2345','삼성물산A10887589',4,NULL,194,NULL,2,1,'컴퓨터공학과',4.2,4.5),(1993,5,4,'1998-08-15','10887590','b','ayi98@gmail.com','2023-02-02 16:30:00.000000','f','applicant1993.jpg','안영이',2,'rdAW0okprY','introduce1993.png','010-1923-1234','삼성물산A10887590',4,NULL,137,NULL,2,1,'경제학과',4.7,5),(1994,3,1,'1996-04-27','10887591','b','white96@gmail.com','2023-02-17 15:30:00.000000','m','applicant1994.jpg','장백기',2,'EDYNhx1XoP','introduce1994.png','010-8534-7545','삼성물산A10887591',4,NULL,25,NULL,2,1,'도시공학과',3.6,4.5),(1995,5,2,'1997-12-04','10887592','j','bongbong@gmail.com','2023-03-03 17:30:00.000000','m','applicant1995.jpg','한석율',2,'IZXVCCg5z1','introduce1995.png','010-7566-4562','삼성물산A10887592',4,NULL,NULL,116,2,1,'전자전기공학과',3.4,4.5),(1996,3,0,'1997-11-13','10887593','j','yejin@gmail.com','2023-02-17 16:00:00.000000','f','applicant1996.jpg','손예진',1,'lYDjwAia6W','introduce1996.png','010-2452-9999','삼성물산A10887593',4,NULL,NULL,123,2,1,'경제학과',3,4.5),(1997,4,0,'1997-04-29','10887594','b','shinhye@gmail.com','2023-02-17 16:00:00.000000','f','applicant1997.jpg','박신혜',2,'0jCHbZORMh','introduce1997.png','010-7625-9845','삼성물산A10887594',4,NULL,185,NULL,2,1,'경영학과',3.72,4.5),(1998,0,1,'1996-04-01','10887595','b','sohyeun96@gmail.com','2023-02-18 16:30:00.000000','f','applicant1998.jpg','김소현',1,'VAWbwWZ8Zg','introduce1998.png','010-7866-1245','삼성물산A10887595',4,NULL,45,NULL,2,1,'컴퓨터공학과',3.65,4.5),(1999,3,1,'1998-08-01','10887596','b','iuiu@gmail.com','2023-02-17 16:00:00.000000','f','applicant1999.jpg','이지은',2,'El8yg8UQHV','introduce1999.png','010-4587-2452','삼성물산A10887596',4,NULL,185,NULL,2,1,'컴퓨터공학과',4.12,4.5),(2000,2,2,'1988-01-29','10887597','d','wise88@gmail.com','2023-02-17 16:30:00.000000','f','applicant2000.jpg','한예슬',2,'PPTpS9EoJg','introduce2000.png','010-4123-2345','삼성물산A10887597',4,98,133,NULL,2,1,'수학과',4.27,4.5),(2001,4,0,'1976-08-01','10887598','b','tuna76@gmail.com','2023-02-17 16:30:00.000000','m','applicant2001.jpg','강동원',2,'8LS7Vfly3M','introduce2001.png','010-1881-9852','삼성물산A10887598',4,NULL,133,NULL,2,1,'수학과',4.4,4.5),(2002,2,2,'1998-03-01','10887599','m','share98@gmail.com','2023-02-23 16:30:00.000000','m','applicant2002.jpg','공유',1,'PYHA09XMmR','introduce2002.png','010-4646-7625','삼성물산A10887599',4,219,14,NULL,2,1,'경영학과',4.45,4.5),(2003,3,1,'1987-05-27','10887600','j','gsu87@gmail.com','2023-02-17 16:30:00.000000','m','applicant2003.jpg','권상우',2,'EEVR4BFBxW','introduce2003.png','010-7452-1454','삼성물산A10887600',4,NULL,NULL,100,2,1,'컴퓨터공학과',4.34,4.5),(2004,3,2,'1998-10-01','10887601','b','suhyun98@gmail.com','2023-02-17 19:30:00.000000','m','applicant2004.jpg','김수현',0,'L2AyPuzHaW','introduce2004.png','010-7425-3452','삼성물산A10887601',4,NULL,15,NULL,2,1,'다중매체영상학과',4.01,4.5),(2005,2,1,'1992-04-12','10887602','b','bogum92@gmail.com','2023-02-17 17:00:00.000000','m','applicant2005.jpg','박보검',0,'A5ciAl3tX7','introduce2005.png','010-9855-7456','삼성물산A10887602',4,NULL,219,NULL,2,1,'연극영화과',3.2,4.5),(2006,4,4,'1985-08-23','10887603','b','yongyong@gmail.com','2023-02-17 17:00:00.000000','m','applicant2006.jpg','배용준',0,'u7rnh94MJg','introduce2006.png','010-4512-8652','삼성물산A10887603',4,NULL,10,NULL,2,1,'아태물류공학과',2.98,4.5),(2007,1,1,'1990-11-21','10887604','b','inguk4157@gmail.com','2023-02-17 17:00:00.000000','m','applicant2007.jpg','서인국',0,'1gtTx9i2e7','introduce2007.png','010-8451-7455','삼성물산A10887604',4,NULL,121,NULL,2,1,'산업디자인공학과',4.2,4.5),(2008,1,0,'1976-06-07','10887605','b','subsub76@gmail.com','2023-02-17 17:30:00.000000','m','applicant2008.jpg','소지섭',0,'29kJKxoJdZ','introduce2008.png','010-3526-4652','삼성물산A10887605',4,NULL,10,NULL,2,1,'컴퓨터공학과',2.78,4.5),(2009,0,3,'1998-08-01','10887606','b','seunghun7@gmail.com','2023-02-17 17:30:00.000000','m','applicant2009.jpg','송승헌',0,'a6kfXx9Jeo','introduce2009.png','010-2521-1023','삼성물산A10887606',4,NULL,121,NULL,2,1,'컴퓨터공학과',2.3,4.5),(2010,1,3,'1998-08-01','10887607','b','dongyub@gmail.com','2023-02-17 17:30:00.000000','m','applicant2010.jpg','신동엽',0,'1amnW3Sshd','introduce2010.png','010-1881-2345','삼성물산A10887607',4,NULL,194,NULL,2,1,'컴퓨터공학과',4.2,4.5),(2011,5,4,'1998-08-15','10887608','b','sanghoon98@gmail.com','2023-02-17 17:30:00.000000','f','applicant2011.jpg','정상훈',0,'nMSONAtbYh','introduce2011.png','010-1923-1234','삼성물산A10887608',4,NULL,137,NULL,2,1,'경제학과',4.7,5),(2012,3,1,'1996-04-27','10887609','b','youngmi88@gmail.com','2023-02-17 18:00:00.000000','m','applicant2012.jpg','안영미',0,'3PfWPvJAU5','introduce2012.png','010-8534-7545','삼성물산A10887609',4,NULL,25,NULL,2,1,'도시공학과',3.6,4.5),(2013,5,2,'1997-12-04','10887610','j','hyeok@gmail.com','2023-02-17 18:00:00.000000','m','applicant2013.jpg','권혁수',0,'Zhx7rwL2iB','introduce2013.png','010-7566-4562','삼성물산A10887610',4,NULL,NULL,116,2,1,'전자전기공학과',3.4,4.5),(2014,3,0,'1997-11-13','10887611','j','mingyo@gmail.com','2023-02-17 18:00:00.000000','f','applicant2014.jpg','김민교',0,'b4mTFHFh2v','introduce2014.png','010-2452-9999','삼성물산A10887611',4,NULL,NULL,123,2,1,'경제학과',3,4.5),(2015,4,0,'1997-04-29','10887612','b','pjb879@gmail.com','2023-02-17 18:00:00.000000','f','applicant2015.jpg','박재범',0,'7eGvrqTnXE','introduce2015.png','010-7625-9845','삼성물산A10887612',4,NULL,185,NULL,2,1,'경영학과',3.72,4.5),(2016,0,1,'1996-04-01','10887613','b','seyune8@gmail.com','2023-02-17 18:30:00.000000','f','applicant2016.jpg','유세윤',0,'NbNvtIBEBX','introduce2016.png','010-7866-1245','삼성물산A10887613',4,NULL,45,NULL,2,1,'컴퓨터공학과',3.65,4.5),(2017,3,1,'1998-08-01','10887614','b','seulgi@gmail.com','2023-02-17 18:30:00.000000','f','applicant2017.jpg','김슬기',0,'IS3WdgAALl','introduce2017.png','010-4587-2452','삼성물산A10887614',4,NULL,185,NULL,2,1,'컴퓨터공학과',4.12,4.5),(2018,2,2,'1988-01-29','10887615','d','irang@gmail.com','2023-02-17 18:30:00.000000','f','applicant2018.jpg','정이랑',0,'LeT7ERADAI','introduce2018.png','010-4123-2345','삼성물산A10887615',4,98,133,NULL,2,1,'수학과',4.27,4.5),(2019,4,0,'1976-08-01','10887616','b','sour4756@gmail.com','2023-02-17 18:30:00.000000','m','applicant2019.jpg','이세영',0,'jn87ka0Ux2','introduce2019.png','010-1881-9852','삼성물산A10887616',4,NULL,133,NULL,2,1,'수학과',4.4,4.5),(2020,2,2,'1998-03-01','10887617','m','gyungpyo@gmail.com','2023-02-17 19:00:00.000000','m','applicant2020.jpg','고경표',0,'8RwUwR3EPp','introduce2020.png','010-4646-7625','삼성물산A10887617',4,219,14,NULL,2,1,'경영학과',4.45,4.5),(2021,1,3,'1998-08-01','10887618','b','ju7456@gmail.com','2023-02-17 19:00:00.000000','m','applicant2021.jpg','주현영',0,'jPysF5nAYM','introduce2021.png','010-1881-2345','삼성물산A10887618',4,NULL,194,NULL,2,1,'컴퓨터공학과',4.2,4.5),(2022,5,4,'1998-08-15','10887619','b','ayoung74@gmail.com','2023-02-17 19:00:00.000000','f','applicant2022.jpg','김아영',0,'zYT108f3o0','introduce2022.png','010-1923-1234','삼성물산A10887619',4,NULL,137,NULL,2,1,'경제학과',4.7,5),(2023,3,1,'1996-04-27','10887620','b','dasliebeich7@gmail.com','2023-02-17 19:00:00.000000','m','applicant2023.jpg','김원훈',0,'6CZIqts0aQ','introduce2023.png','010-8534-7545','삼성물산A10887620',4,NULL,25,NULL,2,1,'도시공학과',3.6,4.5),(2078,1,3,'1997-02-05','10887621','b','fuckedupbird@gmail.com',NULL,'m','applicant2078.jpg','조진세',0,'389aCoJ7Eo','introduce2078.png','010-2342-3814','삼성물산A10887621',4,NULL,194,NULL,2,1,'연극영화과',4.2,4.5),(2079,2,10,'2023-02-03','10887622','b','skate@korea.com',NULL,'f','applicant2079.jpg','김연아',0,'9kwLN5D7Zo','introduce2079.png','010-2222-3333','삼성물산A10887622',4,NULL,194,NULL,2,1,'체육학과',3.95,4.5),(2081,1,1,'2023-01-31','10887623','d','young@gmail.com',NULL,'m',NULL,'황영준',0,'ZCYg1WWXIk',NULL,'010-2381-2312','삼성물산A10887623',4,NULL,194,NULL,2,1,'컴퓨터공학과',4.3,4.5),(2085,3,2,'2023-01-04','10887624','m','example@naver.com',NULL,'f',NULL,'황영기',0,'qo8rvG3iHn',NULL,'010-0000-0000','삼성물산A10887624',4,NULL,194,NULL,2,1,'체육학과',3.6,4.3),(2109,1,3,'1998-08-01','70887589','b','jangOK@gmail.com','2023-01-03 16:30:00.000000','m',NULL,'가나다',0,'mqA3h28u6S',NULL,'010-1881-2345','삼성물산A70887589',4,NULL,194,NULL,2,12,'컴퓨터공학과',4.2,4.5),(2110,5,4,'1998-08-15','70887590','b','ayi98@gmail.com','2023-01-31 16:30:00.000000','f',NULL,'호호호',0,'ySk7Tj8plu',NULL,'010-1923-1234','삼성물산A70887590',4,NULL,137,NULL,2,12,'경제학과',4.7,5),(2111,3,1,'1996-04-27','70887591','b','white96@gmail.com','2023-01-31 17:00:00.000000','m',NULL,'하하하',0,'pGY5zxyFUj',NULL,'010-8534-7545','삼성물산A70887591',4,NULL,25,NULL,2,12,'도시공학과',3.6,4.5),(2112,5,2,'1997-12-04','70887592','j','bongbong@gmail.com','2023-01-31 17:00:00.000000','m',NULL,'쿄쿄쿄',0,'odOTDQTpBr',NULL,'010-7566-4562','삼성물산A70887592',4,NULL,NULL,116,2,12,'전자전기공학과',3.4,4.5),(2113,3,0,'1997-11-13','70887593','j','yejin@gmail.com','2023-01-03 16:30:00.000000','f',NULL,'음하하',0,'Uv5iKdXnch',NULL,'010-2452-9999','삼성물산A70887593',4,NULL,NULL,123,2,12,'경제학과',3,4.5),(2114,4,0,'1997-04-29','70887594','b','shinhye@gmail.com','2023-01-04 16:30:00.000000','f',NULL,'박설아',0,'ZePIXt1pkF',NULL,'010-7625-9845','삼성물산A70887594',4,NULL,185,NULL,2,12,'경영학과',3.72,4.5),(2115,0,1,'1996-04-01','70887595','b','sohyeun96@gmail.com','2023-01-04 16:00:00.000000','f',NULL,'이싸피',0,'nKtEPRZZXH',NULL,'010-7866-1245','삼성물산A70887595',4,NULL,45,NULL,2,12,'컴퓨터공학과',3.65,4.5),(2116,3,1,'1998-08-01','70887596','b','iuiu@gmail.com','2023-01-04 16:00:00.000000','f',NULL,'장싸피',0,'qYOyLX9Dz1',NULL,'010-4587-2452','삼성물산A70887596',4,NULL,185,NULL,2,12,'컴퓨터공학과',4.12,4.5),(2117,2,2,'1988-01-29','70887597','d','wise88@gmail.com','2023-01-03 16:30:00.000000','f',NULL,'김싸피',0,'Si5OoxVFoQ',NULL,'010-4123-2345','삼성물산A70887597',4,98,133,NULL,2,12,'수학과',4.27,4.5),(2118,4,0,'1976-08-01','70887598','b','tuna76@gmail.com','2023-01-03 16:30:00.000000','m',NULL,'강싸피',0,'RiwZ0629pr',NULL,'010-1881-9852','삼성물산A70887598',4,NULL,133,NULL,2,12,'수학과',4.4,4.5),(2119,2,2,'1998-03-01','70887599','m','share98@gmail.com','2023-01-04 16:30:00.000000','m',NULL,'공싸피',0,'QpZJ1l6MNq',NULL,'010-4646-7625','삼성물산A70887599',4,219,14,NULL,2,12,'경영학과',4.45,4.5),(2120,3,1,'1987-05-27','70887600','j','gsu87@gmail.com','2023-01-04 16:30:00.000000','m',NULL,'권싸피',0,'qpfzEgclLh',NULL,'010-7452-1454','삼성물산A70887600',4,NULL,NULL,100,2,12,'컴퓨터공학과',4.34,4.5),(2121,3,2,'1998-10-01','70887601','b','suhyun98@gmail.com','2023-02-01 16:30:00.000000','m',NULL,'수수수',0,'3Frvip84jZ',NULL,'010-7425-3452','삼성물산A70887601',4,NULL,15,NULL,2,12,'다중매체영상학과',4.01,4.5),(2122,2,1,'1992-04-12','70887602','b','bogum92@gmail.com','2023-01-03 17:30:00.000000','m',NULL,'우수수',0,'s6CFKCjCJN',NULL,'010-9855-7456','삼성물산A70887602',4,NULL,219,NULL,2,12,'연극영화과',3.2,4.5),(2123,4,4,'1985-08-23','70887603','b','yongyong@gmail.com','2023-01-04 17:00:00.000000','m',NULL,'싸피준',0,'Ni7BSHz7A9',NULL,'010-4512-8652','삼성물산A70887603',4,NULL,10,NULL,2,12,'아태물류공학과',2.98,4.5),(2124,1,1,'1990-11-21','70887604','b','inguk4157@gmail.com','2023-01-04 17:00:00.000000','m',NULL,'서싸피',0,'rcN1EWF88I',NULL,'010-8451-7455','삼성물산A70887604',4,NULL,121,NULL,2,12,'산업디자인공학과',4.2,4.5),(2125,1,0,'1976-06-07','70887605','b','subsub76@gmail.com','2023-01-03 17:30:00.000000','m',NULL,'소싸피',0,'vzSjQEylTM',NULL,'010-3526-4652','삼성물산A70887605',4,NULL,10,NULL,2,12,'컴퓨터공학과',2.78,4.5),(2126,0,3,'1998-08-01','70887606','b','seunghun7@gmail.com','2023-01-03 17:30:00.000000','m',NULL,'송싸피',0,'ORKZLGFLub',NULL,'010-2521-1023','삼성물산A70887606',4,NULL,121,NULL,2,12,'컴퓨터공학과',2.3,4.5),(2194,1,2,'2023-02-06','11112345','b','gildong@gmail.com',NULL,'f',NULL,'홍길동',0,NULL,NULL,'010-2234-2323',NULL,4,NULL,182,NULL,2,12,'컴퓨터공학과',4.12,4.5),(2195,1,2,'1997-06-17','12345678','b','ssafy@gmail.com',NULL,'m',NULL,'홍싸피',0,'Rxq1VKtIHz',NULL,'010-2345-2345','삼성물산A12345678',4,NULL,182,NULL,2,1,'컴퓨터공학과',4.12,4.5);
/*!40000 ALTER TABLE `applicants` ENABLE KEYS */;
UNLOCK TABLES;

--
-- Table structure for table `applicants_colleges`
--

DROP TABLE IF EXISTS `applicants_colleges`;
/*!40101 SET @saved_cs_client     = @@character_set_client */;
/*!50503 SET character_set_client = utf8mb4 */;
CREATE TABLE `applicants_colleges` (
  `applicant_college_id` bigint NOT NULL,
  `area` varchar(30) DEFAULT NULL,
  `campus` varchar(20) DEFAULT NULL,
  `name` varchar(50) DEFAULT NULL,
  PRIMARY KEY (`applicant_college_id`)
) ENGINE=InnoDB DEFAULT CHARSET=utf8mb4 COLLATE=utf8mb4_0900_ai_ci;
/*!40101 SET character_set_client = @saved_cs_client */;

--
-- Dumping data for table `applicants_colleges`
--

LOCK TABLES `applicants_colleges` WRITE;
/*!40000 ALTER TABLE `applicants_colleges` DISABLE KEYS */;
INSERT INTO `applicants_colleges` VALUES (1,'시도명','본분교구분명','학교명'),(2,'경기도','본교','ICT폴리텍대학'),(3,'경상북도','본교','가톨릭상지대학교'),(4,'충청북도','본교','강동대학교'),(5,'강원도','본교','강릉영동대학교'),(6,'강원도','본교','강원관광대학교'),(7,'강원도','본교','강원도립대학교'),(8,'경상남도','본교','거제대학교'),(9,'경기도','본교','경기과학기술대학교'),(10,'경상남도','본교','경남도립거창대학'),(11,'경상남도','본교','경남도립남해대학'),(12,'부산광역시','본교','경남정보대학교'),(13,'경기도','본교','경민대학교'),(14,'경기도','본교','경복대학교'),(15,'경상북도','본교','경북과학대학교'),(16,'경상북도','본교','경북도립대학교'),(17,'경상북도','본교','경북보건대학교'),(18,'경상북도','본교','경북전문대학교'),(19,'인천광역시','본교','경인여자대학교'),(20,'대구광역시','본교','계명문화대학교'),(21,'경기도','본교','계원예술대학교'),(22,'전라남도','본교','고구려대학교'),(23,'전라남도','본교','광양보건대학교'),(24,'광주광역시','본교','광주보건대학교'),(25,'경상북도','본교','구미대학교'),(26,'경기도','본교','구세군사관학교'),(27,'경기도','본교','국제대학교'),(28,'전라북도','본교','군산간호대학교'),(29,'전라북도','본교','군장대학교'),(30,'광주광역시','본교','기독간호대학교'),(31,'경상북도','본교','김천대학'),(32,'경기도','본교','김포대학교'),(33,'경상남도','본교','김해대학교'),(34,'경기도','본교','농협대학교'),(35,'경상북도','본교','대경대학교'),(36,'대구광역시','본교','대구공업대학교'),(37,'대구광역시','본교','대구과학대학교'),(38,'경상북도','본교','대구미래대학교'),(39,'대구광역시','본교','대구보건대학교'),(40,'대전광역시','본교','대덕대학교'),(41,'부산광역시','본교','대동대학교'),(42,'경기도','본교','대림대학교'),(43,'경기도','본교','부천대학교'),(44,'충청북도','본교','대원대학교'),(45,'대전광역시','본교','대전과학기술대학교'),(46,'대전광역시','본교','대전보건대학교'),(47,'광주광역시','본교','동강대학교'),(48,'경기도','본교','동남보건대학교'),(49,'부산광역시','본교','동부산대학교'),(50,'경기도','본교','동서울대학교'),(51,'경기도','본교','동아방송예술대학교'),(52,'전라남도','본교','동아보건대학교'),(53,'서울특별시','본교','동양미래대학교'),(54,'강원도','본교','동우대학'),(55,'경상남도','본교','동원과학기술대학교'),(56,'경기도','본교','동원대학교'),(57,'부산광역시','본교','동의과학대학교'),(58,'부산광역시','본교','동주대학교'),(59,'경기도','본교','두원공과대학교'),(60,'경상남도','본교','마산대학교'),(61,'서울특별시','본교','명지전문대학'),(62,'전라남도','본교','목포과학대학교'),(63,'경상북도','본교','문경대학교'),(64,'서울특별시','본교','배화여자대학교'),(65,'충청남도','본교','백석문화대학교'),(66,'전라북도','본교','백제예술대학교'),(67,'경상남도','본교','연암공과대학교'),(68,'부산광역시','본교','부산경상대학교'),(69,'부산광역시','본교','부산과학기술대학교'),(70,'부산광역시','본교','부산여자대학교'),(71,'부산광역시','본교','부산예술대학교'),(72,'서울특별시','본교','삼육보건대학교'),(73,'강원도','본교','상지영서대학교'),(74,'경상북도','본교','서라벌대학교'),(75,'광주광역시','본교','서영대학교'),(76,'서울특별시','본교','서울여자간호대학교'),(77,'경기도','본교','서울예술대학교'),(78,'서울특별시','본교','서일대학교'),(79,'경기도','본교','서정대학교'),(80,'전라북도','본교','서해대학'),(81,'경상북도','본교','선린대학교'),(82,'부산광역시','본교','성심외국어대학'),(83,'경상북도','본교','성운대학교'),(84,'강원도','본교','세경대학교'),(85,'강원도','본교','송곡대학교'),(86,'강원도','본교','송호대학교'),(87,'대구광역시','본교','수성대학교'),(88,'경기도','본교','수원과학대학교'),(89,'경기도','본교','수원여자대학교'),(90,'전라남도','본교','순천제일대학교'),(91,'서울특별시','본교','숭의여자대학교'),(92,'경기도','본교','신구대학교'),(93,'충청남도','본교','신성대학교'),(94,'경기도','본교','신안산대학교'),(95,'경기도','본교','신흥대학교'),(96,'충청남도','본교','아주자동차대학교'),(97,'경상북도','본교','안동과학대학교'),(98,'경기도','본교','안산대학교'),(99,'경기도','본교','여주대학교'),(100,'경기도','본교','연성대학교'),(101,'충청남도','본교','연암대학교'),(102,'경상북도','본교','영남외국어대학'),(103,'대구광역시','본교','영남이공대학교'),(104,'대구광역시','본교','영진사이버대학교'),(105,'대구광역시','본교','영진전문대학교'),(106,'경기도','본교','오산대학교'),(107,'경기도','본교','용인예술과학대학교'),(108,'대전광역시','본교','우송정보대학'),(109,'울산광역시','본교','울산과학대학교'),(110,'경기도','본교','웅지세무대학교'),(111,'전라북도','본교','원광보건대학교'),(112,'경기도','본교','유한대학교'),(113,'서울특별시','본교','인덕대학교'),(114,'인천광역시','본교','인천재능대학교'),(115,'인천광역시','본교','인천전문대학'),(116,'인천광역시','본교','인하공업전문대학'),(117,'경기도','본교','장안대학교'),(118,'서울특별시','본교','적십자간호대학'),(119,'전라남도','본교','전남과학대학교'),(120,'전라남도','본교','전남도립대학교'),(121,'전라북도','본교','전북과학대학교'),(122,'전라북도','본교','전주기전대학'),(123,'전라북도','본교','전주비전대학교'),(124,'제주특별자치도','본교','제주관광대학교'),(125,'제주특별자치도','본교','제주산업정보대학'),(126,'제주특별자치도','본교','제주한라대학교'),(127,'광주광역시','본교','조선간호대학교'),(128,'광주광역시','본교','조선이공대학교'),(129,'경상남도','본교','진주보건대학교'),(130,'경상남도','본교','창신대학'),(131,'경상남도','본교','창원문성대학교'),(132,'경기도','본교','청강문화산업대학교'),(134,'전라남도','본교','청암대학교'),(135,'울산광역시','본교','춘해보건대학교'),(136,'충청남도','본교','충남도립대학교'),(137,'충청북도','본교','충북도립대학교'),(138,'충청북도','본교','충북보건과학대학교'),(139,'충청북도','본교','충청대학교'),(140,'경상북도','본교','포항대학교'),(141,'강원도','본교','한국골프대학교'),(142,'경기도','본교','한국관광대학교'),(143,'전라북도','본교','한국농수산대학교'),(144,'경기도','본교','한국복지대학교'),(145,'경상북도','본교','한국복지사이버대학'),(146,'경상남도','본교','한국승강기대학교'),(147,'세종특별자치시','본교','한국영상대학교'),(148,'서울특별시','본교','한국폴리텍 I 대학 서울강서캠퍼스'),(149,'서울특별시','본교','한국폴리텍 I 대학 서울정수캠퍼스'),(150,'경기도','본교','한국폴리텍 I 대학 성남캠퍼스'),(151,'제주특별자치도','본교','한국폴리텍 I 대학 제주캠퍼스'),(152,'인천광역시','본교','한국폴리텍 II 대학 남인천캠퍼스'),(153,'인천광역시','본교','한국폴리텍 II 대학 인천캠퍼스'),(154,'경기도','본교','한국폴리텍 II 대학 화성캠퍼스'),(155,'강원도','본교','한국폴리텍 III 대학 강릉캠퍼스'),(156,'강원도','본교','한국폴리텍 III 대학 원주캠퍼스'),(157,'강원도','본교','한국폴리텍 III 대학 춘천캠퍼스'),(158,'대전광역시','본교','한국폴리텍 IV 대학 대전캠퍼스'),(159,'충청남도','본교','한국폴리텍 IV 대학 아산캠퍼스'),(160,'충청북도','본교','한국폴리텍 IV 대학 청주캠퍼스'),(161,'충청남도','본교','한국폴리텍 IV 대학 홍성캠퍼스'),(162,'광주광역시','본교','한국폴리텍 V 대학 광주캠퍼스'),(163,'전라남도','본교','한국폴리텍 V 대학 순천캠퍼스'),(164,'전라북도','본교','한국폴리텍 V 대학 익산캠퍼스'),(165,'전라남도','본교','한국폴리텍 V 대학 전남캠퍼스'),(166,'전라북도','본교','한국폴리텍 V 대학 전북캠퍼스'),(167,'경상북도','본교','한국폴리텍 VI 대학 구미캠퍼스'),(168,'대구광역시','본교','한국폴리텍 VI 대학 대구캠퍼스'),(169,'대구광역시','본교','한국폴리텍 VI 대학 영남융합기술캠퍼'),(170,'경상북도','본교','한국폴리텍 VI 대학 영주캠퍼스'),(171,'부산광역시','본교','한국폴리텍 VII 대학 동부산캠퍼스'),(172,'부산광역시','본교','한국폴리텍 VII 대학 부산캠퍼스'),(173,'울산광역시','본교','한국폴리텍 VII 대학 울산캠퍼스'),(174,'경상남도','본교','한국폴리텍 VII 대학 진주캠퍼스'),(175,'경상남도','본교','한국폴리텍 VII 대학 창원캠퍼스'),(176,'경상북도','본교','한국폴리텍 특성화대학 로봇캠퍼스'),(177,'충청남도','본교','한국폴리텍 특성화대학 바이오캠퍼스'),(178,'경기도','본교','한국폴리텍 특성화대학 반도체융합캠퍼스'),(179,'경상남도','본교','한국폴리텍 특성화대학 항공캠퍼스'),(180,'강원도','본교','한림성심대학교'),(181,'서울특별시','본교','한양여자대학교'),(182,'전라남도','본교','한영대학교'),(183,'충청남도','본교','혜전대학교'),(184,'경상북도','본교','호산대학교');
/*!40000 ALTER TABLE `applicants_colleges` ENABLE KEYS */;
UNLOCK TABLES;

--
-- Table structure for table `applicants_evaluators`
--

DROP TABLE IF EXISTS `applicants_evaluators`;
/*!40101 SET @saved_cs_client     = @@character_set_client */;
/*!50503 SET character_set_client = utf8mb4 */;
CREATE TABLE `applicants_evaluators` (
  `applicant_evaluator_id` bigint NOT NULL AUTO_INCREMENT,
  `memo` varchar(1000) DEFAULT NULL,
  `score` int NOT NULL,
  `applicant_id` bigint DEFAULT NULL,
  `evaluation_sheet_id` bigint DEFAULT NULL,
  `evaluator_id` bigint DEFAULT NULL,
  `interview_id` bigint DEFAULT NULL,
  `interview_room_id` bigint DEFAULT NULL,
  PRIMARY KEY (`applicant_evaluator_id`),
  KEY `FKg5kjs6l60w57o2j5u3r2mp825` (`applicant_id`),
  KEY `FKkedrfkas3ke7f3q8s7go9dpd2` (`evaluation_sheet_id`),
  KEY `FKqxntrqd2o4gbgbs3g5h2uyfdx` (`evaluator_id`),
  KEY `FK1djk6h6nmq1457r9adiwwhnxv` (`interview_id`),
  KEY `FKdg5lok2r3x83xmbp6psjrcfsj` (`interview_room_id`),
  CONSTRAINT `FK1djk6h6nmq1457r9adiwwhnxv` FOREIGN KEY (`interview_id`) REFERENCES `interviews` (`interview_id`),
  CONSTRAINT `FKdg5lok2r3x83xmbp6psjrcfsj` FOREIGN KEY (`interview_room_id`) REFERENCES `interview_rooms` (`interview_room_id`),
  CONSTRAINT `FKg5kjs6l60w57o2j5u3r2mp825` FOREIGN KEY (`applicant_id`) REFERENCES `applicants` (`applicant_id`),
  CONSTRAINT `FKkedrfkas3ke7f3q8s7go9dpd2` FOREIGN KEY (`evaluation_sheet_id`) REFERENCES `evaluation_sheets` (`evaluation_sheet_id`),
  CONSTRAINT `FKqxntrqd2o4gbgbs3g5h2uyfdx` FOREIGN KEY (`evaluator_id`) REFERENCES `evaluators` (`evaluator_id`)
) ENGINE=InnoDB AUTO_INCREMENT=239 DEFAULT CHARSET=utf8mb4 COLLATE=utf8mb4_0900_ai_ci;
/*!40101 SET character_set_client = @saved_cs_client */;

--
-- Dumping data for table `applicants_evaluators`
--

LOCK TABLES `applicants_evaluators` WRITE;
/*!40000 ALTER TABLE `applicants_evaluators` DISABLE KEYS */;
INSERT INTO `applicants_evaluators` VALUES (1,NULL,100,1992,1,4,1,1),(2,NULL,0,1993,1,4,1,1),(3,'잘함요ㅋㅋㅋ',85,1992,1,5,1,1),(4,NULL,0,1993,1,5,1,1),(5,NULL,0,1994,1,6,1,2),(6,NULL,0,1995,1,6,1,2),(7,NULL,0,1994,1,7,1,2),(8,NULL,0,1995,1,7,1,2),(9,'',50,1996,1,8,1,3),(10,'',0,1997,1,8,1,3),(11,'',50,1996,1,9,1,3),(12,NULL,0,1997,1,9,1,3),(13,NULL,0,1998,1,10,1,4),(14,NULL,0,1999,1,10,1,4),(15,NULL,0,1998,1,11,1,4),(16,NULL,0,1999,1,11,1,4),(17,NULL,0,2000,1,12,1,5),(18,NULL,0,2001,1,12,1,5),(19,NULL,0,2000,1,13,1,5),(20,NULL,0,2001,1,13,1,5),(21,NULL,0,2002,1,14,1,6),(22,NULL,0,2003,1,14,1,6),(23,NULL,0,2002,1,15,1,6),(24,NULL,0,2003,1,15,1,6),(25,'',82,2004,1,16,1,7),(26,'',82,2005,1,16,1,7),(27,'',85,2004,1,17,1,7),(28,'',0,2005,1,17,1,7),(29,NULL,0,2006,1,18,1,8),(30,NULL,0,2007,1,18,1,8),(31,NULL,0,2006,1,19,1,8),(32,NULL,0,2007,1,19,1,8),(33,NULL,0,2008,1,4,1,9),(34,NULL,0,2009,1,4,1,9),(35,NULL,0,2008,1,5,1,9),(36,NULL,0,2009,1,5,1,9),(37,NULL,0,2010,1,6,1,10),(38,NULL,0,2011,1,6,1,10),(39,NULL,0,2010,1,7,1,10),(40,NULL,0,2011,1,7,1,10),(41,NULL,0,2012,1,8,1,11),(42,NULL,0,2013,1,8,1,11),(43,NULL,0,2012,1,9,1,11),(44,NULL,0,2013,1,9,1,11),(45,NULL,0,2014,1,10,1,12),(46,NULL,0,2015,1,10,1,12),(47,NULL,0,2014,1,11,1,12),(48,NULL,0,2015,1,11,1,12),(102,NULL,0,2002,1,4,1,1),(103,NULL,0,2002,1,5,1,1),(104,NULL,0,2109,2,4,20,22),(105,NULL,0,2110,2,4,20,22),(106,'잘함여',64,2109,2,5,20,22),(107,'잘함여',64,2110,2,5,20,22),(108,'잘함여',40,2111,2,6,20,23),(109,'잘함여',34,2112,2,6,20,23),(110,NULL,0,2111,2,7,20,23),(111,NULL,0,2112,2,7,20,23),(115,NULL,0,2113,2,8,20,24),(116,NULL,0,2114,2,8,20,24),(117,'잘함여 굿',70,2113,2,9,20,24),(118,'잘함여 굿잡',59,2114,2,9,20,24),(119,NULL,0,1992,1,17,1,1),(120,NULL,0,1993,1,17,1,1),(121,NULL,0,2002,1,17,1,1),(122,NULL,0,2115,2,10,20,25),(123,NULL,0,2116,2,10,20,25),(124,NULL,0,2115,2,11,20,25),(125,NULL,0,2116,2,11,20,25),(129,NULL,0,2117,2,12,20,26),(130,NULL,0,2118,2,12,20,26),(131,NULL,0,2117,2,13,20,26),(132,NULL,0,2118,2,13,20,26),(133,NULL,0,2022,1,4,1,1),(134,'zzzzzzzzzzzfgsdgaevabvasfs',36,2022,1,5,1,1),(135,NULL,0,2022,1,17,1,1),(137,NULL,0,2117,2,12,20,27),(138,NULL,0,2118,2,12,20,27),(139,NULL,0,2117,2,13,20,27),(140,NULL,0,2118,2,13,20,27),(141,NULL,0,2119,2,14,20,28),(142,NULL,0,2120,2,14,20,28),(143,NULL,0,2119,2,15,20,28),(144,NULL,0,2120,2,15,20,28),(149,NULL,0,2121,2,16,20,29),(150,NULL,0,2122,2,16,20,29),(151,'잘함여 굿잡bb',51,2121,2,17,20,29),(152,'잘함여 굿잡bb',51,2122,2,17,20,29),(161,NULL,0,1992,1,2062,1,1),(162,NULL,0,1993,1,2062,1,1),(163,NULL,0,2002,1,2062,1,1),(164,NULL,0,2022,1,2062,1,1),(165,NULL,0,2109,1,5,2,32),(166,NULL,0,2110,1,5,2,32),(167,NULL,0,2109,1,6,2,32),(168,NULL,0,2110,1,6,2,32),(173,'',0,1992,1,4,1,1),(174,NULL,0,1993,1,4,1,1),(175,NULL,0,2002,1,4,1,1),(176,NULL,0,2022,1,4,1,1),(197,NULL,0,2111,1,7,2,34),(198,NULL,0,2112,1,7,2,34),(199,NULL,0,2111,1,8,2,34),(200,NULL,0,2112,1,8,2,34),(201,NULL,0,2113,1,9,2,35),(202,NULL,0,2114,1,9,2,35),(203,NULL,0,2113,1,10,2,35),(204,NULL,0,2114,1,10,2,35),(205,NULL,0,2121,1,15,2,36),(206,NULL,0,2122,1,15,2,36),(207,NULL,0,2121,1,16,2,36),(208,NULL,0,2122,1,16,2,36),(235,NULL,0,1992,1,7,2,47),(236,NULL,0,1993,1,7,2,47),(237,NULL,0,1992,1,11,2,47),(238,NULL,0,1993,1,11,2,47);
/*!40000 ALTER TABLE `applicants_evaluators` ENABLE KEYS */;
UNLOCK TABLES;

--
-- Table structure for table `applicants_graduates`
--

DROP TABLE IF EXISTS `applicants_graduates`;
/*!40101 SET @saved_cs_client     = @@character_set_client */;
/*!50503 SET character_set_client = utf8mb4 */;
CREATE TABLE `applicants_graduates` (
  `applicant_graduate_id` bigint NOT NULL,
  `area` varchar(30) DEFAULT NULL,
  `campus` varchar(20) DEFAULT NULL,
  `name` varchar(50) DEFAULT NULL,
  PRIMARY KEY (`applicant_graduate_id`)
) ENGINE=InnoDB DEFAULT CHARSET=utf8mb4 COLLATE=utf8mb4_0900_ai_ci;
/*!40101 SET character_set_client = @saved_cs_client */;

--
-- Dumping data for table `applicants_graduates`
--

LOCK TABLES `applicants_graduates` WRITE;
/*!40000 ALTER TABLE `applicants_graduates` DISABLE KEYS */;
INSERT INTO `applicants_graduates` VALUES (1,'시도명','본분교구분명','학교명'),(2,'경상북도','본교','경일대학교 일반대학원'),(3,'경상남도','본교','가야대학교 보건대학원(김해)'),(4,'경상남도','본교','가야대학교 일반대학원(김해)'),(5,'경상남도','본교','가야대학교 항만물류대학원'),(6,'경상남도','본교','가야대학교 행정대학원(김해)'),(7,'인천광역시','본교','가천대학교 간호대학원'),(8,'경기도','본교','가천대학교 게임대학원'),(9,'경기도','본교','가천대학교 경영대학원'),(10,'경기도','본교','가천대학교 교육대학원'),(11,'인천광역시','본교','가천대학교 보건대학원'),(12,'경기도','본교','가천대학교 사회정책대학원'),(13,'경기도','본교','가천대학교 산업환경대학원'),(14,'경기도','본교','가천대학교 소프트웨어대학원'),(15,'경기도','본교','가천대학교 스포츠문화대학원'),(16,'인천광역시','본교','가천대학교 의학전문대학원'),(17,'경기도','본교','가천대학교 일반대학원'),(18,'경기도','본교','가천대학교 특수치료대학원'),(19,'경기도','본교','가천대학교 환경디자인대학원'),(20,'강원도','본교','가톨릭관동대학교 경영행정사회복지대학원'),(21,'강원도','본교','가톨릭관동대학교 경영행정창업대학원'),(22,'강원도','본교','가톨릭관동대학교 경영행정대학원'),(23,'강원도','본교','가톨릭관동대학교 교육대학원'),(24,'강원도','본교','가톨릭관동대학교 보건의료융합대학원'),(25,'강원도','본교','가톨릭관동대학교 사회복지대학원'),(26,'강원도','본교','가톨릭관동대학교 선교신학대학원'),(27,'강원도','본교','가톨릭관동대학교 에너지자원융합대학원'),(28,'강원도','본교','가톨릭관동대학교 의료경영대학원'),(29,'강원도','본교','가톨릭관동대학교 일반대학원'),(30,'충청북도','본교','가톨릭꽃동네대학교 사회복지대학원'),(31,'충청북도','본교','가톨릭꽃동네대학교 사회복지상담대학원'),(32,'경기도','본교','가톨릭대학교 경영대학원'),(33,'경기도','본교','가톨릭대학교 교육대학원'),(34,'경기도','본교','가톨릭대학교 교회법대학원'),(35,'서울특별시','제3캠퍼','가톨릭대학교 교회음악대학원'),(36,'경기도','본교','가톨릭대학교 글로벌융합대학원'),(37,'경기도','본교','가톨릭대학교 글로벌지식경영대학원'),(38,'경기도','본교','가톨릭대학교 대학원'),(39,'경기도','본교','가톨릭대학교 문화영성대학원'),(40,'서울특별시','제2캠퍼','가톨릭대학교 보건대학원'),(41,'서울특별시','제2캠퍼','가톨릭대학교 보건의료경영대학원'),(42,'경기도','본교','가톨릭대학교 사회복지대학원'),(43,'경기도','본교','가톨릭대학교 상담심리대학원'),(44,'서울특별시','제2캠퍼','가톨릭대학교 생명대학원'),(45,'서울특별시','제2캠퍼','가톨릭대학교 의료경영대학원'),(46,'서울특별시','제2캠퍼','가톨릭대학교 의학전문대학원'),(47,'서울특별시','제2캠퍼','가톨릭대학교 일반대학원'),(48,'서울특별시','제3캠퍼','가톨릭대학교 일반대학원'),(49,'서울특별시','제2캠퍼','가톨릭대학교 임상간호대학원'),(50,'서울특별시','제2캠퍼','가톨릭대학교 임상치과학대학원'),(51,'경기도','본교','가톨릭대학교 행정대학원'),(52,'서울특별시','본교','감리교신학대학교 대학원'),(53,'서울특별시','본교','감리교신학대학교 목회신학대학원'),(54,'서울특별시','본교','감리교신학대학교 신학대학원'),(55,'경기도','본교','강남대학교 경영대학원'),(56,'경기도','본교','강남대학교 교육대학원'),(57,'경기도','본교','강남대학교 국제대학원'),(58,'경기도','본교','강남대학교 대학원'),(59,'경기도','본교','강남대학교 부동산·법무·행정대학원'),(60,'경기도','본교','강남대학교 사회복지전문대학원'),(61,'경기도','본교','강남대학교 실천신학대학원'),(62,'경기도','본교','강남대학교 융복합대학원'),(63,'강원도','본교','강릉원주대학교 경영정책과학대학원'),(64,'강원도','제2캠퍼','강릉원주대학교 경영정책과학대학원'),(65,'강원도','본교','강릉원주대학교 교육대학원'),(66,'강원도','제2캠퍼','강릉원주대학교 교육대학원'),(67,'강원도','본교','강릉원주대학교 대학원'),(68,'강원도','제2캠퍼','강릉원주대학교 대학원'),(69,'강원도','본교','강릉원주대학교 산업대학원'),(70,'강원도','제2캠퍼','강릉원주대학교 산업대학원'),(71,'서울특별시','본교','강서대학교 교육대학원'),(72,'서울특별시','본교','강서대학교 사회복지대학원'),(73,'서울특별시','본교','강서대학교 신학대학원'),(74,'서울특별시','본교','강서대학교 일반대학원'),(75,'강원도','본교','강원대학교 경영대학원'),(76,'강원도','본교','강원대학교 교육대학원'),(77,'강원도','본교','강원대학교 녹색생명산업정책대학원'),(78,'강원도','제2캠퍼','강원대학교 방재전문대학원'),(79,'강원도','본교','강원대학교 법무전문대학원'),(80,'강원도','본교','강원대학교 법학전문대학원'),(81,'강원도','제2캠퍼','강원대학교 산업과학대학원'),(82,'강원도','본교','강원대학교 산업대학원'),(83,'강원도','본교','강원대학교 의학전문대학원'),(84,'강원도','본교','강원대학교 일반대학원'),(85,'강원도','본교','강원대학교 정보과학행정대학원'),(86,'서울특별시','본교','건국대학교 건축전문대학원'),(87,'서울특별시','본교','건국대학교 경영대학원'),(88,'서울특별시','본교','건국대학교 경영전문대학원'),(89,'서울특별시','본교','건국대학교 교육대학원'),(90,'서울특별시','본교','건국대학교 농축대학원'),(91,'서울특별시','본교','건국대학교 디자인대학원'),(92,'서울특별시','본교','건국대학교 법학전문대학원'),(93,'서울특별시','본교','건국대학교 부동산대학원'),(94,'서울특별시','본교','건국대학교 산업대학원'),(95,'서울특별시','본교','건국대학교 수의방역대학원'),(96,'서울특별시','본교','건국대학교 언론홍보대학원'),(97,'서울특별시','본교','건국대학교 예술디자인대학원'),(98,'서울특별시','본교','건국대학교 일반대학원'),(99,'서울특별시','본교','건국대학교 정보통신대학원'),(100,'서울특별시','본교','건국대학교 행정대학원'),(101,'충청북도','분교','건국대학교(글로컬) 교육대학원'),(102,'충청북도','분교','건국대학교(글로컬) 사회과학대학원'),(103,'충청북도','분교','건국대학교(글로컬) 의학전문대학원'),(104,'충청북도','분교','건국대학교(글로컬) 일반대학원'),(105,'충청북도','분교','건국대학교(글로컬) 창의융합대학원'),(106,'충청남도','본교','건양대학교 경영사회복지대학원'),(107,'대전광역시','제2캠퍼','건양대학교 경영사회복지대학원'),(108,'대전광역시','제2캠퍼','건양대학교 교육대학원'),(109,'충청남도','본교','건양대학교 국방관리대학원'),(110,'대전광역시','제2캠퍼','건양대학교 군사경찰행정대학원'),(111,'대전광역시','제2캠퍼','건양대학교 바이오비임상대학원'),(112,'대전광역시','제2캠퍼','건양대학교 바이오융합대학원'),(113,'대전광역시','제2캠퍼','건양대학교 보건복지대학원'),(114,'대전광역시','제2캠퍼','건양대학교 상담대학원'),(115,'대전광역시','제2캠퍼','건양대학교 일반대학원'),(116,'경기도','본교','경기대학교 건설산업대학원'),(117,'서울특별시','본교','경기대학교 건축대학원'),(118,'서울특별시','본교','경기대학교 건축전문대학원'),(119,'경기도','본교','경기대학교 공학대학원'),(120,'서울특별시','본교','경기대학교 관광전문대학원'),(121,'경기도','본교','경기대학교 교육대학원'),(122,'서울특별시','본교','경기대학교 국제문화대학원'),(123,'서울특별시','본교','경기대학교 대체의학대학원'),(124,'서울특별시','본교','경기대학교 문화예술대학원'),(125,'경기도','본교','경기대학교 미술디자인대학원'),(126,'서울특별시','본교','경기대학교 사회복지대학원'),(127,'경기도','본교','경기대학교 산업정보대학원'),(128,'서울특별시','본교','경기대학교 서비스경영전문대학원'),(129,'경기도','본교','경기대학교 스포츠과학대학원'),(130,'서울특별시','본교','경기대학교 예술대학원'),(131,'서울특별시','본교','경기대학교 일반대학원'),(132,'서울특별시','본교','경기대학교 정치전문대학원'),(133,'경기도','본교','경기대학교 조형대학원'),(134,'서울특별시','본교','경기대학교 한류문화대학원'),(135,'경기도','본교','경기대학교 행정대학원'),(136,'경기도','본교','경기대학교 행정복지상담대학원'),(137,'경기도','본교','경기대학교 행정사회복지대학원'),(138,'경상남도','본교','경남과학기술대학교 국제식량안보대학원'),(139,'경상남도','본교','경남과학기술대학교 대학원'),(140,'경상남도','본교','경남과학기술대학교 산업복지대학원'),(141,'경상남도','본교','경남과학기술대학교 창업대학원'),(142,'경상남도','본교','경남대학교 교육대학원'),(143,'경상남도','본교','경남대학교 대학원'),(144,'경상남도','본교','경남대학교 북한대학원'),(145,'경상남도','본교','경상국립대학교 스마트미래농업대학원'),(146,'경상남도','본교','경남대학교 산업경영대학원'),(147,'경상남도','본교','경남대학교 행정대학원'),(148,'대구광역시','본교','경북대학교 경영대학원'),(149,'경상북도','본교','경북대학교 과학기술대학원'),(150,'대구광역시','본교','경북대학교 교육대학원'),(151,'대구광역시','본교','경북대학교 국제대학원'),(152,'대구광역시','본교','경북대학교 농업생명융합대학원'),(153,'대구광역시','본교','경북대학교 데이터사이언스대학원'),(154,'대구광역시','본교','경북대학교 법학전문대학원'),(155,'대구광역시','본교','경북대학교 보건대학원'),(156,'대구광역시','본교','경북대학교 산업대학원'),(157,'대구광역시','본교','경북대학교 수사과학대학원'),(158,'대구광역시','본교','경북대학교 스마트농생명식품융합대학원'),(159,'대구광역시','본교','경북대학교 식물방역대학원'),(160,'대구광역시','본교','경북대학교 의학전문대학원'),(161,'대구광역시','본교','경북대학교 일반대학원'),(162,'대구광역시','본교','경북대학교 정책정보대학원'),(163,'대구광역시','본교','경북대학교 치의학전문대학원'),(164,'대구광역시','본교','경북대학교 행정대학원'),(165,'경상남도','본교','경상국립대학교 건축도시토목대학원'),(166,'경상남도','본교','경상국립대학교 경영대학원'),(167,'경상남도','본교','경상국립대학교 교육대학원'),(168,'경상남도','본교','경상국립대학교 대학원'),(169,'경상남도','본교','경상국립대학교 보건대학원'),(170,'경상남도','본교','경상국립대학교 산업복지대학원'),(171,'경상남도','본교','경상국립대학교 융합과학기술대학원'),(172,'경상남도','본교','경상국립대학교 의학전문대학원'),(173,'경상남도','본교','경상국립대학교 창업대학원'),(174,'경상남도','본교','경상국립대학교 토지주택대학원'),(175,'경상남도','본교','경상국립대학교 항공우주특성화대학원'),(176,'경상남도','본교','경상국립대학교 행정대학원'),(177,'부산광역시','본교','경성대학교 경영대학원'),(178,'부산광역시','본교','경성대학교 교육대학원'),(179,'부산광역시','본교','경성대학교 디지털디자인전문대학원'),(180,'부산광역시','본교','경성대학교 멀티미디어대학원'),(181,'부산광역시','본교','경성대학교 사회복지대학원'),(182,'부산광역시','본교','경성대학교 예술종합대학원'),(183,'부산광역시','본교','경성대학교 일반대학원'),(184,'부산광역시','본교','경성대학교 임상약학대학원'),(185,'부산광역시','본교','경성대학교 임상약학보건대학원'),(186,'경상북도','본교','경운대학교 사회복지대학원'),(187,'경상북도','본교','경운대학교 사회복지대학원(산업대)'),(188,'경상북도','본교','경운대학교 산업정보대학원'),(189,'경상북도','본교','경운대학교 산업정보대학원(산업대)'),(190,'경상북도','본교','경운대학교 일반대학원'),(191,'인천광역시','본교','경인교육대학교 교육전문대학원'),(192,'경상북도','본교','경일대학교 K-글로벌대학원'),(193,'경상북도','본교','경일대학교 보건복지대학원'),(194,'경상북도','본교','경일대학교 산업경영대학원'),(195,'경상북도','본교','경일대학교 산업대학원'),(196,'경상북도','본교','경주대학교 교육대학원'),(197,'경상북도','본교','경주대학교 문화관광복지대학원'),(198,'경상북도','본교','경주대학교 문화예술관광대학원'),(199,'경상북도','본교','경주대학교 산업경영대학원'),(200,'경상북도','본교','경주대학교 일반대학원'),(201,'서울특별시','본교','경희대학교 NGO대학원'),(202,'서울특별시','본교','경희대학교 간호대학원'),(203,'서울특별시','본교','경희대학교 경영대학원'),(204,'서울특별시','본교','경희대학교 공공대학원'),(205,'서울특별시','본교','경희대학교 관광대학원'),(206,'서울특별시','본교','경희대학교 교육대학원'),(207,'경기도','본교','경희대학교 국제대학원'),(208,'서울특별시','본교','경희대학교 국제법무대학원'),(209,'서울특별시','본교','경희대학교 대학원'),(210,'경기도','본교','경희대학교 동서의학대학원'),(211,'서울특별시','본교','경희대학교 미디어커뮤니케이션대학원'),(212,'서울특별시','본교','경희대학교 법무대학원'),(213,'서울특별시','본교','경희대학교 법학전문대학원'),(214,'경기도','본교','경희대학교 아트퓨전디자인대학원'),(215,'서울특별시','본교','경희대학교 언론정보대학원'),(216,'서울특별시','본교','경희대학교 의학전문대학원'),(217,'경기도','본교','경희대학교 체육대학원'),(218,'서울특별시','본교','경희대학교 치의학전문대학원'),(219,'경기도','본교','경희대학교 테크노경영대학원'),(220,'경기도','본교','경희대학교 평화복지대학원'),(221,'서울특별시','본교','경희대학교 행정대학원'),(222,'서울특별시','본교','경희사이버대학교 문화창조대학원'),(223,'서울특별시','본교','경희사이버대학교 호텔관광대학원'),(224,'대구광역시','본교','계명대학교 경영대학원'),(225,'대구광역시','본교','계명대학교 교육대학원'),(226,'대구광역시','본교','계명대학교 글로벌창업대학원'),(227,'대구광역시','본교','계명대학교 대학원'),(228,'대구광역시','본교','계명대학교 스포츠산업대학원'),(229,'대구광역시','본교','계명대학교 연합신학대학원'),(230,'대구광역시','본교','계명대학교 예술대학원'),(231,'대구광역시','본교','계명대학교 유아교육대학원'),(232,'대구광역시','본교','계명대학교 융합공학대학원'),(233,'대구광역시','본교','계명대학교 정책대학원'),(234,'서울특별시','본교','고려대학교 KU-KIST융합대학원'),(235,'서울특별시','본교','고려대학교 경영전문대학원'),(236,'서울특별시','본교','고려대학교 공학대학원'),(237,'서울특별시','본교','고려대학교 교육대학원'),(238,'서울특별시','본교','고려대학교 국제대학원'),(239,'서울특별시','본교','고려대학교 그린스쿨(에너지환경정책기술'),(240,'서울특별시','본교','고려대학교 기술경영전문대학원'),(241,'서울특별시','본교','고려대학교 노동대학원'),(242,'서울특별시','본교','고려대학교 대학원'),(243,'서울특별시','본교','고려대학교 미디어대학원'),(244,'서울특별시','본교','고려대학교 법무대학원'),(245,'전라남도','본교','동신대학교 대학원'),(246,'서울특별시','본교','고려대학교 법학전문대학원'),(247,'서울특별시','본교','고려대학교 보건대학원'),(248,'서울특별시','본교','고려대학교 생명환경과학대학원'),(249,'서울특별시','본교','고려대학교 언론대학원'),(250,'서울특별시','본교','고려대학교 에너지환경대학원(그린스쿨)'),(251,'서울특별시','본교','고려대학교 의학전문대학원'),(252,'서울특별시','본교','고려대학교 임상치의학대학원'),(253,'서울특별시','본교','고려대학교 정보경영공학전문대학원'),(254,'서울특별시','본교','고려대학교 정보보호대학원'),(255,'서울특별시','본교','고려대학교 정책대학원'),(256,'서울특별시','본교','고려대학교 컴퓨터정보통신대학원'),(257,'세종특별자치시','분교','고려대학교(세종) 경영정보대학원'),(258,'세종특별자치시','분교','고려대학교(세종) 문화스포츠대학원'),(259,'세종특별자치시','분교','고려대학교(세종) 융합과학대학원'),(260,'세종특별자치시','분교','고려대학교(세종) 의용과학대학원'),(261,'세종특별자치시','분교','고려대학교(세종) 인문정보대학원'),(262,'세종특별자치시','분교','고려대학교(세종) 일반대학원'),(263,'세종특별자치시','분교','고려대학교(세종) 창업경영대학원'),(264,'대전광역시','분교','고려대학교(세종) 행정대학원'),(265,'세종특별자치시','분교','고려대학교(세종) 행정전문대학원'),(266,'서울특별시','본교','고려사이버대학교 융합정보대학원'),(267,'부산광역시','본교','고신대학교 교육대학원'),(268,'부산광역시','본교','고신대학교 교회음악대학원'),(269,'부산광역시','본교','고신대학교 기독교상담대학원'),(270,'경기도','본교','단국대학교 국제대학원'),(271,'부산광역시','본교','고신대학교 기독교세계관대학원'),(272,'부산광역시','본교','고신대학교 대학원'),(273,'부산광역시','본교','고신대학교 보건대학원'),(274,'부산광역시','본교','고신대학교 선교목회대학원'),(275,'충청남도','본교','고신대학교 신학대학원'),(276,'충청남도','본교','공주교육대학교 교육대학원'),(277,'충청남도','본교','공주대학교 경영대학원'),(278,'충청남도','본교','공주대학교 경영행정대학원'),(279,'충청남도','본교','공주대학교 교육대학원'),(280,'충청남도','본교','공주대학교 국가사회안전대학원'),(281,'충청남도','본교','공주대학교 대학원'),(282,'충청남도','본교','공주대학교 문화유산대학원'),(283,'충청남도','본교','공주대학교 산업과학대학원'),(284,'충청남도','본교','공주대학교 안보과학대학원'),(285,'충청남도','본교','공주대학교 정책융합전문대학원'),(286,'충청남도','본교','공주대학교 테크노융합대학원'),(287,'충청남도','본교','공주대학교 테크노전략대학원'),(288,'충청남도','본교','공주대학교 특수교육대학원'),(289,'광주광역시','본교','광신대학교 교육대학원'),(290,'광주광역시','본교','광신대학교 국제대학원'),(291,'광주광역시','본교','광신대학교 대학원'),(292,'광주광역시','본교','광신대학교 사회복지대학원'),(293,'광주광역시','본교','광신대학교 상담치료대학원'),(294,'광주광역시','본교','광신대학교 신학대학원'),(295,'광주광역시','본교','광신대학교 음악대학원'),(296,'서울특별시','본교','광운대학교 건설법무대학원'),(297,'서울특별시','본교','광운대학교 경영대학원'),(298,'서울특별시','본교','광운대학교 교육대학원'),(299,'서울특별시','본교','광운대학교 대학원'),(300,'서울특별시','본교','광운대학교 상담복지정책대학원'),(301,'서울특별시','본교','광운대학교 스마트융합대학원'),(302,'서울특별시','본교','광운대학교 정보콘텐츠대학원'),(303,'서울특별시','본교','광운대학교 환경대학원'),(304,'전라남도','본교','광주가톨릭대학교 대학원'),(305,'광주광역시','본교','광주과학기술원 일반대학원'),(306,'광주광역시','본교','광주교육대학교 교육대학원'),(307,'광주광역시','본교','광주대학교 보건상담정책대학원'),(308,'광주광역시','본교','광주대학교 사회복지전문대학원'),(309,'광주광역시','본교','광주대학교 일반대학원'),(310,'광주광역시','본교','광주여자대학교 교육대학원'),(311,'광주광역시','본교','광주여자대학교 사회개발대학원'),(312,'광주광역시','본교','광주여자대학교 일반대학원'),(313,'서울특별시','본교','국민대학교 경영대학원'),(314,'서울특별시','본교','국민대학교 공학대학원'),(315,'서울특별시','본교','국민대학교 교육대학원'),(316,'서울특별시','본교','국민대학교 글로벌 창업벤처대학원'),(317,'서울특별시','본교','국민대학교 대학원'),(318,'서울특별시','본교','국민대학교 디자인대학원'),(319,'서울특별시','본교','국민대학교 법무대학원'),(320,'서울특별시','본교','국민대학교 비즈니스IT전문대학원'),(321,'대구광역시','본교','대구교육대학교 교육대학원'),(322,'서울특별시','본교','국민대학교 소프트웨어융합대학원'),(323,'서울특별시','본교','국민대학교 스포츠산업대학원'),(324,'서울특별시','본교','국민대학교 자동차공학전문대학원'),(325,'서울특별시','본교','국민대학교 자동차산업대학원'),(326,'서울특별시','본교','국민대학교 정치대학원'),(327,'서울특별시','본교','국민대학교 종합예술대학원'),(328,'서울특별시','본교','국민대학교 테크노디자인전문대학원'),(329,'서울특별시','본교','국민대학교 행정대학원'),(330,'전라북도','본교','군산대학교 경영행정대학원'),(331,'전라북도','본교','군산대학교 교육대학원'),(332,'전라북도','본교','군산대학교 대학원'),(333,'전라북도','본교','군산대학교 산업대학원'),(334,'충청북도','본교','극동대학교 교육대학원'),(335,'충청북도','본교','극동대학교 국제개발대학원'),(336,'충청북도','본교','극동대학교 글로벌대학원'),(337,'충청북도','본교','극동대학교 보건과학대학원'),(338,'충청북도','본교','극동대학교 산업기술보안대학원'),(339,'충청북도','본교','극동대학교 일반대학원'),(340,'충청남도','본교','금강대학교 일반대학원'),(341,'경상북도','본교','금오공과대학교 교육대학원'),(342,'경상북도','본교','금오공과대학교 대학원'),(343,'경상북도','본교','금오공과대학교 산업대학원'),(344,'경상북도','본교','금오공과대학교 컨설팅대학원'),(345,'경상북도','본교','김천대학교 글로컬휴먼대학원'),(346,'경상북도','본교','김천대학교 대학원'),(347,'경상북도','본교','김천대학교 보건·선교대학원'),(348,'경상북도','본교','김천대학교 사회문화대학원'),(349,'경상북도','본교','김천대학교 상담·신학·경영대학원'),(350,'경상북도','본교','김천대학교 상담·신학대학원'),(351,'충청남도','본교','나사렛대학교 교육대학원'),(352,'충청남도','본교','나사렛대학교 사회복지대학원'),(353,'충청남도','본교','나사렛대학교 신학대학원'),(354,'충청남도','본교','나사렛대학교 일반대학원'),(355,'충청남도','본교','나사렛대학교 재활복지대학원'),(356,'광주광역시','본교','남부대학교 교육대학원'),(357,'광주광역시','본교','남부대학교 문화복지대학원'),(358,'광주광역시','본교','남부대학교 보건경영대학원'),(359,'광주광역시','본교','남부대학교 보건대학원'),(360,'경상북도','본교','위덕대학교 대학원'),(361,'광주광역시','본교','남부대학교 보건복지대학원'),(362,'광주광역시','본교','남부대학교 사회복지대학원'),(363,'광주광역시','본교','남부대학교 산업정책대학원'),(364,'광주광역시','본교','남부대학교 음악대학원'),(365,'광주광역시','본교','남부대학교 일반대학원'),(366,'충청남도','본교','남서울대학교 국제대학원'),(367,'충청남도','본교','남서울대학교 일반대학원'),(368,'충청남도','본교','남서울대학교 특수대학원'),(369,'충청남도','본교','남서울대학교 특수대학원(산업대)'),(370,'경기도','본교','단국대학교 경영대학원'),(371,'경기도','본교','단국대학교 교육대학원'),(372,'충청남도','제2캠퍼','단국대학교 교육대학원'),(373,'경기도','본교','단국대학교 문화예술대학원'),(374,'충청남도','제2캠퍼','단국대학교 보건복지대학원'),(375,'경기도','본교','단국대학교 부동산건설대학원'),(376,'충청남도','제2캠퍼','단국대학교 스포츠과학대학원'),(377,'경기도','본교','단국대학교 영화콘텐츠전문대학원'),(378,'경기도','본교','단국대학교 일반대학원'),(379,'충청남도','제2캠퍼','단국대학교 일반대학원'),(380,'경기도','본교','단국대학교 정보·지식재산대학원'),(381,'경기도','본교','단국대학교 정보융합기술창업대학원'),(382,'충청남도','제2캠퍼','단국대학교 정책경영대학원'),(383,'경기도','본교','단국대학교 특수교육대학원'),(384,'경기도','본교','단국대학교 행정법무대학원'),(385,'경상북도','본교','대구가톨릭대학교 교육대학원'),(386,'경상북도','본교','대구가톨릭대학교 대학원'),(387,'대구광역시','본교','대구가톨릭대학교 디자인대학원'),(388,'대구광역시','본교','대구가톨릭대학교 사회복지대학원'),(389,'대구광역시','본교','대구가톨릭대학교 사회적경제경영대학원'),(390,'대구광역시','본교','대구가톨릭대학교 상담대학원'),(391,'대구광역시','본교','대구가톨릭대학교 신학대학원'),(392,'대구광역시','본교','대구가톨릭대학교 예술대학원'),(393,'대구광역시','본교','대구가톨릭대학교 유스티노자유대학원'),(394,'경상북도','본교','대구가톨릭대학교 유아교육대학원'),(395,'경상북도','본교','대구가톨릭대학교 의료보건산업대학원'),(396,'대구광역시','본교','대구경북과학기술원 일반대학원'),(397,'경상북도','본교','대구대학교 교육대학원'),(398,'경상북도','본교','대구대학교 대학원'),(399,'경상북도','본교','대구대학교 디자인산업행정대학원'),(400,'경상북도','본교','대구대학교 디자인대학원'),(401,'경상북도','본교','대구대학교 사회복지대학원'),(402,'대구광역시','본교','대구대학교 산업행정대학원'),(403,'대구광역시','본교','대구대학교 재활과학대학원'),(404,'경상북도','본교','대구대학교 특수교육대학원'),(405,'경상북도','본교','대구사이버대학교 휴먼케어대학원'),(406,'경상북도','본교','대구한의대학교 대학원'),(407,'경상북도','본교','대구한의대학교 보건복지대학원'),(408,'경상북도','본교','대구한의대학교 사회개발대학원'),(409,'경상북도','본교','대구한의대학교 한방산업대학원'),(410,'경상북도','본교','대신대학교 대학원'),(411,'경상북도','본교','대신대학교 신학대학원'),(412,'세종특별자치시','본교','대전가톨릭대학교 대학원'),(413,'대전광역시','본교','대전대학교 경영행정사회복지상담대학원'),(414,'대전광역시','본교','대전대학교 경영행정사회복지대학원'),(415,'대전광역시','본교','대전대학교 교육대학원'),(416,'대전광역시','본교','대전대학교 보건의료대학원'),(417,'대전광역시','본교','대전대학교 상담대학원'),(418,'대전광역시','본교','대전대학교 일반대학원'),(419,'대전광역시','본교','대전신학대학교 신학대학원'),(420,'대전광역시','본교','대전신학대학교 일반대학원'),(421,'경기도','본교','대진대학교 공공정책대학원'),(422,'경기도','본교','대진대학교 교육대학원'),(423,'경기도','본교','대진대학교 대학원'),(424,'경기도','본교','대진대학교 문화예술전문대학원'),(425,'경기도','본교','대진대학교 법무행정대학원'),(426,'경기도','본교','대진대학교 통일대학원'),(427,'서울특별시','본교','덕성여자대학교 교육대학원'),(428,'서울특별시','본교','덕성여자대학교 대학원'),(429,'서울특별시','본교','덕성여자대학교 문화산업대학원'),(430,'서울특별시','본교','덕성여자대학교 상담산업대학원'),(431,'서울특별시','본교','동국대학교 경영대학원'),(432,'서울특별시','본교','동국대학교 경영전문대학원'),(433,'서울특별시','본교','동국대학교 경찰사법대학원'),(434,'서울특별시','본교','동국대학교 교육대학원'),(435,'서울특별시','본교','동국대학교 교육서비스과학대학원'),(436,'서울특별시','본교','동국대학교 국제정보대학원'),(437,'서울특별시','본교','동국대학교 국제정보보호대학원'),(438,'서울특별시','본교','동국대학교 대학원'),(439,'서울특별시','본교','동국대학교 문화예술대학원'),(440,'서울특별시','본교','동국대학교 미래융합대학원'),(441,'서울특별시','본교','동국대학교 법무대학원'),(442,'서울특별시','본교','동국대학교 불교대학원'),(443,'서울특별시','본교','동국대학교 산업대학원'),(444,'서울특별시','본교','동국대학교 언론정보대학원'),(445,'서울특별시','본교','동국대학교 영상대학원(전문)'),(446,'서울특별시','본교','동국대학교 영상정보통신대학원'),(447,'서울특별시','본교','동국대학교 행정대학원'),(448,'경상북도','분교','동국대학교(WISE) 경영대학원'),(449,'경상북도','분교','동국대학교(WISE) 불교문화대학원'),(450,'경상북도','분교','동국대학교(WISE) 사회과학대학원'),(451,'경상북도','분교','동국대학교(WISE) 의학전문대학원'),(452,'경상북도','분교','동국대학교(WISE) 일반대학원'),(453,'서울특별시','본교','동덕여자대학교 공연예술대학원'),(454,'서울특별시','본교','동덕여자대학교 교육대학원'),(455,'서울특별시','본교','동덕여자대학교 국제문화대학원'),(456,'서울특별시','본교','동덕여자대학교 디자인대학원'),(457,'서울특별시','본교','동덕여자대학교 문화 예술치료대학원'),(458,'서울특별시','본교','동덕여자대학교 문화산업예술대학원'),(459,'서울특별시','본교','동덕여자대학교 미래전략융합대학원'),(460,'서울특별시','본교','동덕여자대학교 미용보건대학원'),(461,'서울특별시','본교','동덕여자대학교 보건과학대학원'),(462,'서울특별시','본교','동덕여자대학교 비만미용향장대학원'),(463,'서울특별시','본교','동덕여자대학교 일반대학원'),(464,'서울특별시','본교','동덕여자대학교 패션전문대학원'),(465,'부산광역시','본교','동명대학교 복지산업대학원'),(466,'부산광역시','본교','동명대학교 일반대학원'),(467,'부산광역시','본교','동서대학교 경영대학원'),(468,'부산광역시','본교','동서대학교 디자인전문대학원'),(469,'부산광역시','본교','동서대학교 선교복지대학원'),(470,'부산광역시','본교','동서대학교 일반대학원'),(471,'전라남도','본교','동신대학교 교육대학원'),(472,'전라남도','본교','동신대학교 사회개발대학원'),(473,'부산광역시','본교','동아대학교 경영대학원'),(474,'부산광역시','본교','동아대학교 경찰법무대학원'),(475,'부산광역시','본교','동아대학교 교육대학원'),(476,'서울특별시','제2캠퍼','명지대학교 사회교육대학원'),(477,'부산광역시','본교','동아대학교 국제전문대학원'),(478,'부산광역시','본교','동아대학교 대학원'),(479,'부산광역시','본교','동아대학교 문화예술대학원'),(480,'부산광역시','본교','동아대학교 법무대학원'),(481,'부산광역시','본교','동아대학교 법학전문대학원'),(482,'부산광역시','본교','동아대학교 사회복지대학원'),(483,'부산광역시','본교','동아대학교 산업정보대학원'),(484,'부산광역시','본교','동아대학교 예술대학원'),(485,'부산광역시','본교','동아대학교 의학전문대학원'),(486,'경상북도','본교','동양대학교 교육대학원'),(487,'경상북도','본교','동양대학교 일반대학원'),(488,'경상북도','본교','동양대학교 정보대학원'),(489,'부산광역시','본교','동의대학교 경영대학원'),(490,'부산광역시','본교','동의대학교 교육대학원'),(491,'부산광역시','본교','동의대학교 국가안전정책대학원'),(492,'부산광역시','본교','동의대학교 대학원'),(493,'부산광역시','본교','동의대학교 부동산대학원'),(494,'부산광역시','본교','동의대학교 산업문화대학원'),(495,'부산광역시','본교','동의대학교 영상정보대학원'),(496,'부산광역시','본교','동의대학교 행정대학원'),(497,'부산광역시','본교','동의대학교 행정복지대학원'),(498,'경기도','본교','루터대학교 대학원'),(499,'서울특별시','제2캠퍼','명지대학교 경영대학원'),(500,'서울특별시','제2캠퍼','명지대학교 교육대학원'),(501,'서울특별시','제2캠퍼','명지대학교 기록과학대학원'),(502,'서울특별시','제2캠퍼','명지대학교 기록정보과학전문대학원'),(503,'경기도','본교','명지대학교 대학원'),(504,'서울특별시','제2캠퍼','명지대학교 문화예술대학원'),(505,'서울특별시','제2캠퍼','명지대학교 부동산유통경영대학원'),(506,'서울특별시','제2캠퍼','명지대학교 부동산대학원'),(507,'서울특별시','제2캠퍼','명지대학교 사회복지대학원'),(508,'경기도','제2캠퍼','명지대학교 산업대학원'),(509,'서울특별시','제2캠퍼','명지대학교 통합치료대학원'),(510,'대전광역시','본교','목원대학교 교육대학원'),(511,'대전광역시','본교','목원대학교 산업정보언론대학원'),(512,'대전광역시','본교','목원대학교 신학대학원'),(513,'대전광역시','본교','목원대학교 언론광고홍보대학원'),(514,'대전광역시','본교','목원대학교 일반대학원'),(515,'전라남도','본교','목포대학교 경영행정대학원'),(516,'전라남도','본교','목포대학교 교육대학원'),(517,'전라남도','본교','목포대학교 대학원'),(518,'전라남도','본교','목포대학교 산업기술대학원'),(519,'전라남도','본교','목포해양대학교 대학원'),(520,'전라남도','본교','목포해양대학교 해양산업대학원'),(521,'대전광역시','본교','배재대학교 관광축제한류대학원'),(522,'대전광역시','본교','배재대학교 관광축제호텔대학원'),(523,'대전광역시','본교','배재대학교 교육대학원'),(524,'대전광역시','본교','배재대학교 국제통상대학원'),(525,'대전광역시','본교','배재대학교 대학원'),(526,'대전광역시','본교','배재대학교 법무행정대학원'),(527,'대전광역시','본교','배재대학교 정보통신대학원'),(528,'대전광역시','본교','배재대학교 컨설팅대학원'),(529,'대전광역시','본교','배재대학교 한류문화산업대학원'),(530,'서울특별시','본교','백석대학교 교육대학원'),(531,'서울특별시','본교','백석대학교 기독교전문대학원'),(532,'서울특별시','본교','백석대학교 문화예술대학원'),(533,'서울특별시','본교','백석대학교 보건복지대학원'),(534,'서울특별시','본교','백석대학교 상담대학원'),(535,'서울특별시','본교','백석대학교 신학대학원'),(536,'서울특별시','본교','백석대학교 실천신학대학원'),(537,'서울특별시','본교','백석대학교 음악대학원'),(538,'서울특별시','본교','백석대학교 일반대학원'),(539,'부산광역시','본교','부경대학교 경영대학원'),(540,'부산광역시','본교','부경대학교 과학기술융합전문대학원'),(541,'부산광역시','본교','부경대학교 교육대학원'),(542,'부산광역시','본교','부경대학교 국제대학원'),(543,'부산광역시','본교','부경대학교 글로벌수산대학원'),(544,'부산광역시','본교','부경대학교 글로벌정책대학원'),(545,'부산광역시','본교','부경대학교 기술경영전문대학원'),(546,'부산광역시','본교','부경대학교 대학원'),(547,'부산광역시','본교','부경대학교 산업대학원'),(548,'부산광역시','본교','부경대학교 세계수산대학원'),(549,'부산광역시','본교','부산가톨릭대학교 대학원'),(550,'부산광역시','본교','부산가톨릭대학교 생명과학대학원'),(551,'부산광역시','본교','부산교육대학교 교육대학원'),(552,'부산광역시','본교','부산대학교 경영대학원'),(553,'부산광역시','본교','부산대학교 경제통상대학원'),(554,'부산광역시','본교','부산대학교 교육대학원'),(555,'부산광역시','본교','부산대학교 국제전문대학원'),(556,'부산광역시','본교','부산대학교 금융대학원'),(557,'부산광역시','본교','부산대학교 기술창업대학원'),(558,'부산광역시','본교','부산대학교 법학전문대학원'),(559,'부산광역시','본교','부산대학교 산업대학원'),(560,'경상남도','본교','부산대학교 의학전문대학원'),(561,'부산광역시','본교','부산대학교 일반대학원'),(562,'경상남도','본교','부산대학교 치의학전문대학원'),(563,'경상남도','본교','부산대학교 한의학전문대학원'),(564,'부산광역시','본교','부산대학교 행정대학원'),(565,'부산광역시','본교','부산대학교 환경대학원'),(566,'부산광역시','본교','부산디지털대학교 휴먼서비스대학원'),(567,'부산광역시','본교','부산외국어대학교 TESOL 대학원'),(568,'부산광역시','본교','부산외국어대학교 경영대학원'),(569,'부산광역시','본교','부산외국어대학교 교육대학원'),(570,'부산광역시','본교','부산외국어대학교 국제통상경영대학원'),(571,'부산광역시','본교','부산외국어대학교 글로벌골프대학원'),(572,'부산광역시','본교','부산외국어대학교 대학원'),(573,'부산광역시','본교','부산외국어대학교 산업경영대학원'),(574,'부산광역시','본교','부산외국어대학교 산업대학원'),(575,'부산광역시','본교','부산외국어대학교 통역번역대학원'),(576,'부산광역시','본교','부산외국어대학교 통합의학대학원'),(577,'경상남도','본교','부산장신대학교 강해설교대학원'),(578,'경상남도','본교','부산장신대학교 목회대학원'),(579,'경상남도','본교','부산장신대학교 상담및심리치료대학원'),(580,'경상남도','본교','부산장신대학교 성경주해대학원'),(581,'경상남도','본교','부산장신대학교 신학대학원'),(582,'경상남도','본교','부산장신대학교 일반대학원'),(583,'경상남도','본교','부산장신대학교 장애인교육선교대학원'),(584,'서울특별시','본교','사이버한국외국어대학교 TESOL 대학'),(585,'서울특별시','본교','삼육대학교 경영대학원'),(586,'서울특별시','본교','삼육대학교 대학원'),(587,'서울특별시','본교','삼육대학교 보건복지대학원'),(588,'서울특별시','본교','삼육대학교 신학대학원'),(589,'서울특별시','본교','삼육대학교 신학전문대학원'),(590,'서울특별시','본교','삼육대학교 임상간호대학원'),(591,'서울특별시','본교','상명대학교 경영대학원'),(592,'서울특별시','본교','상명대학교 교육대학원'),(593,'서울특별시','본교','상명대학교 대학원'),(594,'충청남도','제2캠퍼','상명대학교 대학원'),(595,'서울특별시','본교','상명대학교 문화기술대학원'),(596,'서울특별시','본교','상명대학교 복지상담대학원'),(597,'서울특별시','본교','상명대학교 상담대학원'),(598,'서울특별시','본교','상명대학교 예술디자인대학원'),(599,'서울특별시','본교','상명대학교 통합심리치료대학원'),(600,'강원도','본교','상지대학교 경영.행정.산업대학원'),(601,'강원도','본교','상지대학교 경영·행정·산업·법학대학원'),(602,'강원도','본교','상지대학교 교육대학원'),(603,'강원도','본교','상지대학교 대학원'),(604,'강원도','본교','상지대학교 보건과학대학원'),(605,'강원도','본교','상지대학교 사회복지정책대학원'),(606,'강원도','본교','상지대학교 사회융합대학원'),(607,'강원도','본교','상지대학교 평화안보.상담심리대학원'),(608,'서울특별시','본교','서강대학교 경영전문대학원'),(609,'서울특별시','본교','서강대학교 경제대학원'),(610,'서울특별시','본교','서강대학교 공공정책대학원'),(611,'서울특별시','본교','서강대학교 교육대학원'),(612,'서울특별시','본교','서강대학교 국제대학원'),(613,'서울특별시','본교','서강대학교 기술경영전문대학원'),(614,'서울특별시','본교','서강대학교 대학원'),(615,'서울특별시','본교','서강대학교 메타버스전문대학원'),(616,'서울특별시','본교','서강대학교 미디어커뮤니케이션대학원'),(617,'서울특별시','본교','서강대학교 법학전문대학원'),(618,'서울특별시','본교','서강대학교 신학대학원'),(619,'서울특별시','본교','서강대학교 언론대학원'),(620,'서울특별시','본교','서강대학교 영상대학원'),(621,'서울특별시','본교','서강대학교 정보통신대학원'),(622,'서울특별시','본교','서경대학교 경영대학원'),(623,'서울특별시','본교','서경대학교 경영문화대학원'),(624,'서울특별시','본교','서경대학교 미용예술대학원'),(625,'서울특별시','본교','서경대학교 실용음악대학원'),(626,'서울특별시','본교','서경대학교 일반대학원'),(627,'전라북도','본교','서남대학교 경영행정대학원'),(628,'전라북도','본교','서남대학교 교육대학원'),(629,'전라북도','본교','서남대학교 대학원'),(630,'전라북도','본교','서남대학교 사회정책대학원'),(631,'서울특별시','본교','서울과학기술대학교 IT정책전문대학원'),(632,'서울특별시','본교','서울과학기술대학교 나노IT디자인융합대'),(633,'서울특별시','본교','서울과학기술대학교 산업대학원'),(634,'서울특별시','본교','서울과학기술대학교 에너지환경대학원'),(635,'서울특별시','본교','서울과학기술대학교 융합과학대학원'),(636,'서울특별시','본교','서울과학기술대학교 일반대학원'),(637,'서울특별시','본교','서울과학기술대학교 주택도시대학원'),(638,'서울특별시','본교','서울과학기술대학교 철도전문대학원'),(639,'서울특별시','본교','서울교육대학교 교육대학원'),(640,'서울특별시','본교','서울교육대학교 교육전문대학원'),(641,'서울특별시','본교','서울기독대학교 대학원'),(642,'서울특별시','본교','서울기독대학교 문화산업경영대학원'),(643,'서울특별시','본교','서울기독대학교 사회복지대학원'),(644,'서울특별시','본교','서울기독대학교 신학전문대학원'),(645,'서울특별시','본교','서울기독대학교 연합신학대학원'),(646,'서울특별시','본교','서울기독대학교 운동재활복지대학원'),(647,'서울특별시','본교','서울기독대학교 치유상담대학원'),(648,'서울특별시','본교','서울대학교 경영전문대학원'),(649,'서울특별시','본교','서울대학교 공학전문대학원'),(650,'강원도','본교','서울대학교 국제농업기술대학원'),(651,'서울특별시','본교','서울대학교 국제대학원'),(652,'서울특별시','본교','서울대학교 대학원'),(653,'서울특별시','본교','서울대학교 데이터사이언스대학원'),(654,'서울특별시','본교','서울대학교 법학전문대학원'),(655,'서울특별시','본교','서울대학교 보건대학원'),(656,'서울특별시','본교','서울대학교 융합과학기술대학원'),(657,'서울특별시','본교','서울대학교 의학대학원'),(658,'서울특별시','본교','서울대학교 치의학대학원'),(659,'서울특별시','본교','서울대학교 행정대학원'),(660,'서울특별시','본교','서울대학교 환경대학원'),(661,'서울특별시','본교','서울사이버대학교 상담심리대학원'),(662,'서울특별시','본교','서울사이버대학교 휴먼서비스대학원'),(663,'서울특별시','본교','서울시립대학교 경영대학원'),(664,'서울특별시','본교','서울시립대학교 과학기술대학원'),(665,'서울특별시','본교','서울시립대학교 교육대학원'),(666,'서울특별시','본교','서울시립대학교 국제도시과학대학원'),(667,'서울특별시','본교','서울시립대학교 대학원'),(668,'서울특별시','본교','서울시립대학교 도시과학대학원'),(669,'서울특별시','본교','서울시립대학교 도시보건대학원'),(670,'서울특별시','본교','서울시립대학교 디자인전문대학원'),(671,'서울특별시','본교','서울시립대학교 법학전문대학원'),(672,'서울특별시','본교','서울시립대학교 세무전문대학원'),(673,'경기도','본교','서울신학대학교 교회성장대학원'),(674,'경기도','본교','서울신학대학교 대학원'),(675,'경기도','본교','서울신학대학교 사회복지대학원'),(676,'경기도','본교','서울신학대학교 상담대학원'),(677,'경기도','본교','서울신학대학교 설교대학원'),(678,'경기도','본교','서울신학대학교 신학대학원'),(679,'경기도','본교','서울신학대학교 신학전문대학원'),(680,'서울특별시','본교','서울여자대학교 교육대학원'),(681,'서울특별시','본교','서울여자대학교 대학원'),(682,'서울특별시','본교','서울여자대학교 사회복지기독교대학원'),(683,'서울특별시','본교','서울여자대학교 특수치료전문대학원'),(684,'서울특별시','본교','서울여자대학교 휴먼서비스대학원'),(685,'경기도','본교','서울장신대학교 교회음악대학원'),(686,'경기도','본교','서울장신대학교 사회복지상담대학원'),(687,'경기도','본교','서울장신대학교 신학대학원'),(688,'경기도','본교','서울장신대학교 영성심리치유대학원'),(689,'경기도','본교','서울장신대학교 예배찬양사역대학원'),(690,'경기도','본교','서울장신대학교 일반대학원'),(691,'경기도','본교','서울장신대학교 자연치유선교대학원'),(692,'경기도','본교','서울장신대학교 전인치유선교대학원'),(693,'서울특별시','본교','서울한영대학교 국제신학선교대학원'),(694,'서울특별시','본교','서울한영대학교 상담복지대학원'),(695,'서울특별시','본교','서울한영대학교 신학대학원'),(696,'서울특별시','본교','서울한영대학교 일반대학원'),(697,'서울특별시','본교','서울한영대학교 통역대학원'),(698,'충청북도','본교','서원대학교 교육대학원'),(699,'충청북도','본교','서원대학교 산업대학원'),(700,'충청남도','본교','선문대학교 경영대학원'),(701,'충청남도','본교','선문대학교 교육대학원'),(702,'충청남도','본교','선문대학교 글로컬통합대학원'),(703,'충청남도','본교','선문대학교 대학원'),(704,'충청남도','본교','선문대학교 무도대학원'),(705,'충청남도','본교','선문대학교 미래융합대학원'),(706,'충청남도','본교','선문대학교 사회복지대학원'),(707,'충청남도','본교','선문대학교 상담대학원'),(708,'충청남도','본교','선문대학교 신학대학원'),(709,'충청남도','본교','선문대학교 신학전문대학원'),(710,'충청남도','본교','선문대학교 통번역대학원'),(711,'충청남도','본교','선문대학교 통합의학대학원'),(712,'충청남도','본교','선문대학교 행정대학원'),(713,'경기도','본교','성결대학교 교육대학원'),(714,'경기도','본교','성결대학교 사회복지대학원'),(715,'경기도','본교','성결대학교 성결신학대학원'),(716,'경기도','본교','성결대학교 신학대학원'),(717,'경기도','본교','성결대학교 신학전문대학원'),(718,'경기도','본교','성결대학교 일반대학원'),(719,'경기도','본교','성결대학교 프라임(Prime) 대학원'),(720,'서울특별시','본교','성공회대학교 NGO대학원'),(721,'서울특별시','본교','성공회대학교 교육대학원'),(722,'서울특별시','본교','성공회대학교 대학원'),(723,'서울특별시','본교','성공회대학교 문화대학원'),(724,'서울특별시','본교','성공회대학교 사회적경제대학원'),(725,'서울특별시','본교','성공회대학교 시민사회복지대학원'),(726,'서울특별시','본교','성공회대학교 시민평화대학원'),(727,'서울특별시','본교','성공회대학교 신학대학원'),(728,'서울특별시','본교','성공회대학교 신학전문대학원'),(729,'서울특별시','본교','성균관대학교 경영(전문)대학원'),(730,'서울특별시','본교','성균관대학교 경영대학원'),(731,'서울특별시','본교','성균관대학교 경영대학원(iMBA)'),(732,'경기도','본교','성균관대학교 과학기술대학원'),(733,'서울특별시','본교','성균관대학교 교육대학원'),(734,'서울특별시','본교','성균관대학교 국가전략대학원'),(735,'서울특별시','본교','성균관대학교 국정관리대학원'),(736,'서울특별시','본교','성균관대학교 국정전문대학원'),(737,'서울특별시','본교','성균관대학교 글로벌보험연금대학원'),(738,'서울특별시','본교','성균관대학교 글로벌창업대학원'),(739,'경기도','본교','성균관대학교 기술경영전문대학원'),(740,'서울특별시','본교','성균관대학교 디자인대학원'),(741,'서울특별시','본교','성균관대학교 무역대학원'),(742,'서울특별시','본교','성균관대학교 문화융합대학원'),(743,'서울특별시','본교','성균관대학교 미디어문화융합대학원'),(744,'서울특별시','본교','성균관대학교 번역테솔(TESOL)대학'),(745,'서울특별시','본교','성균관대학교 법학전문대학원'),(746,'서울특별시','본교','성균관대학교 사회복지대학원'),(747,'서울특별시','본교','성균관대학교 생활과학대학원'),(748,'경기도','본교','성균관대학교 수자원전문대학원'),(749,'서울특별시','본교','성균관대학교 언론정보대학원'),(750,'서울특별시','본교','성균관대학교 유학대학원'),(751,'경기도','본교','성균관대학교 의학전문대학원'),(752,'서울특별시','본교','성균관대학교 일반대학원'),(753,'경기도','본교','성균관대학교 임상간호대학원'),(754,'경기도','본교','성균관대학교 임상약학대학원'),(755,'서울특별시','본교','성균관대학교 정보통신대학원'),(756,'서울특별시','본교','성균관대학교 중국대학원'),(757,'서울특별시','본교','성균관대학교 행정대학원'),(758,'서울특별시','본교','성신여자대학교 AI세무회계대학원'),(759,'서울특별시','본교','성신여자대학교 교육대학원'),(760,'서울특별시','본교','성신여자대학교 대학원'),(761,'서울특별시','본교','성신여자대학교 문화산업대학원'),(762,'서울특별시','본교','성신여자대학교 문화산업예술대학원'),(763,'서울특별시','본교','성신여자대학교 뷰티융합대학원'),(764,'서울특별시','본교','성신여자대학교 생애복지대학원'),(765,'서울특별시','본교','성신여자대학교 융합디자인예술대학원'),(766,'충청북도','본교','세명대학교 경영행정복지대학원'),(767,'충청북도','본교','세명대학교 교육대학원'),(768,'충청북도','본교','세명대학교 일반대학원'),(769,'충청북도','본교','세명대학교 저널리즘대학원'),(770,'충청북도','본교','세명대학교 저널리즘스쿨대학원'),(771,'서울특별시','본교','세종대학교 경영전문대학원'),(772,'서울특별시','본교','세종대학교 공공정책대학원'),(773,'서울특별시','본교','세종대학교 공연예술대학원'),(774,'서울특별시','본교','세종대학교 관광대학원'),(775,'서울특별시','본교','세종대학교 교육대학원'),(776,'서울특별시','본교','세종대학교 도시부동산대학원'),(777,'서울특별시','본교','세종대학교 문화예술콘텐츠대학원'),(778,'서울특별시','본교','세종대학교 산업경영대학원'),(779,'서울특별시','본교','세종대학교 산업대학원'),(780,'서울특별시','본교','세종대학교 언론홍보대학원'),(781,'서울특별시','본교','세종대학교 영상대학원'),(782,'서울특별시','본교','세종대학교 융합예술대학원'),(783,'서울특별시','본교','세종대학교 일반대학원'),(784,'서울특별시','본교','세종대학교 정책과학대학원'),(785,'서울특별시','본교','세종대학교 행정대학원'),(786,'서울특별시','본교','세종사이버대학교 경영대학원'),(787,'서울특별시','본교','세종사이버대학교 대학원'),(788,'서울특별시','본교','세종사이버대학교 정보보호대학원'),(789,'전라남도','본교','세한대학교 일반대학원'),(790,'광주광역시','본교','송원대학교 휴먼산업대학원'),(791,'경기도','본교','수원가톨릭대학교 대학원'),(792,'경기도','본교','수원대학교 경영대학원'),(793,'경기도','본교','수원대학교 고용서비스대학원'),(794,'경기도','본교','수원대학교 공공정책대학원'),(795,'경기도','본교','수원대학교 공학대학원'),(796,'경기도','본교','수원대학교 교육대학원'),(797,'경기도','본교','수원대학교 글로벌창업대학원'),(798,'경기도','본교','수원대학교 금융공학대학원'),(799,'경기도','본교','수원대학교 문화예술대학원'),(800,'경기도','본교','수원대학교 미술대학원'),(801,'경기도','본교','수원대학교 뷰티사이언스대학원'),(802,'경기도','본교','수원대학교 사회복지대학원'),(803,'경기도','본교','수원대학교 스포츠과학대학원'),(804,'경기도','본교','수원대학교 음악대학원'),(805,'경기도','본교','수원대학교 인공지능대학원'),(806,'경기도','본교','수원대학교 일반대학원'),(807,'경기도','본교','수원대학교 행정대학원'),(808,'경기도','본교','수원대학교 호텔관광대학원'),(809,'서울특별시','본교','숙명여자대학교 TESOL 대학원'),(810,'서울특별시','본교','숙명여자대학교 TESOL국제학대학원'),(811,'서울특별시','본교','숙명여자대학교 경영전문대학원'),(812,'서울특별시','본교','숙명여자대학교 교육대학원'),(813,'서울특별시','본교','숙명여자대학교 국제관계대학원'),(814,'서울특별시','본교','숙명여자대학교 라이프스타일디자인대학원'),(815,'서울특별시','본교','숙명여자대학교 문화예술대학원'),(816,'서울특별시','본교','숙명여자대학교 사회교육대학원'),(817,'서울특별시','본교','숙명여자대학교 심리치료대학원'),(818,'서울특별시','본교','숙명여자대학교 여성인적자원개발대학원'),(819,'서울특별시','본교','숙명여자대학교 원격대학원'),(820,'서울특별시','본교','숙명여자대학교 음악치료대학원'),(821,'서울특별시','본교','숙명여자대학교 인적자원개발대학원'),(822,'서울특별시','본교','숙명여자대학교 일반대학원'),(823,'서울특별시','본교','숙명여자대학교 임상약학대학원'),(824,'서울특별시','본교','숙명여자대학교 전통문화예술대학원'),(825,'서울특별시','본교','숙명여자대학교 정책대학원'),(826,'서울특별시','본교','숙명여자대학교 정책산업대학원'),(827,'서울특별시','본교','숙명여자대학교 호스피탈리티경영전문대학'),(828,'전라남도','본교','순천대학교 경영행정대학원'),(829,'전라남도','본교','순천대학교 교육대학원'),(830,'전라남도','본교','순천대학교 사회문화예술대학원'),(831,'전라남도','본교','순천대학교 산업대학원'),(832,'전라남도','본교','순천대학교 일반대학원'),(833,'충청남도','본교','순천향대학교 건강과학대학원'),(834,'충청남도','본교','순천향대학교 교육대학원'),(835,'충청남도','본교','순천향대학교 글로벌경영대학원'),(836,'충청남도','본교','순천향대학교 기술경영행정대학원'),(837,'충청남도','본교','순천향대학교 대학원'),(838,'충청남도','본교','순천향대학교 미래융합대학원'),(839,'충청남도','본교','순천향대학교 법과학대학원'),(840,'충청남도','본교','순천향대학교 산업정보대학원'),(841,'충청남도','본교','순천향대학교 창의라이프대학원'),(842,'충청남도','본교','순천향대학교 행정대학원'),(843,'서울특별시','본교','숭실대학교 경영대학원'),(844,'서울특별시','본교','숭실대학교 교육대학원'),(845,'서울특별시','본교','숭실대학교 기독교학대학원'),(846,'서울특별시','본교','숭실대학교 대학원'),(847,'서울특별시','본교','숭실대학교 사회복지대학원'),(848,'서울특별시','본교','숭실대학교 안전융합대학원'),(849,'서울특별시','본교','숭실대학교 정보과학대학원'),(850,'서울특별시','본교','숭실대학교 중소기업대학원'),(851,'부산광역시','본교','신라대학교 공공안전정책대학원'),(852,'부산광역시','본교','신라대학교 교육대학원'),(853,'부산광역시','본교','신라대학교 국제경영대학원'),(854,'부산광역시','본교','신라대학교 대학원'),(855,'부산광역시','본교','신라대학교 리더십대학원'),(856,'부산광역시','본교','신라대학교 사회복지대학원'),(857,'부산광역시','본교','신라대학교 산업융합대학원'),(858,'부산광역시','본교','신라대학교 상담치료대학원'),(859,'부산광역시','본교','신라대학교 조형대학원'),(860,'경기도','본교','신한대학교 보건대학원'),(861,'경기도','본교','신한대학교 생활문화대학원'),(862,'경기도','본교','신한대학교 일반대학원'),(863,'경기도','본교','신한대학교 지식복지대학원'),(864,'경기도','본교','신한대학교 평생학습중심대학원'),(865,'경기도','본교','아신대학교 교육대학원'),(866,'경기도','본교','아신대학교 다문화교육복지대학원'),(867,'경기도','본교','아신대학교 대학원'),(868,'경기도','본교','아신대학교 복지대학원'),(869,'경기도','본교','아신대학교 상담대학원'),(870,'경기도','본교','아신대학교 선교대학원'),(871,'경기도','본교','아신대학교 신학대학원'),(872,'경기도','본교','아주대학교 IT융합대학원'),(873,'경기도','본교','아주대학교 경영대학원'),(874,'경기도','본교','아주대학교 공공정책대학원'),(875,'경기도','본교','아주대학교 공학대학원'),(876,'경기도','본교','아주대학교 교육대학원'),(877,'경기도','본교','아주대학교 교통ITS대학원'),(878,'경기도','본교','아주대학교 국제대학원'),(879,'경기도','본교','아주대학교 글로벌제약임상대학원'),(880,'경기도','본교','아주대학교 대학원'),(881,'경기도','본교','아주대학교 법학전문대학원'),(882,'경기도','본교','아주대학교 보건대학원'),(883,'경기도','본교','아주대학교 의학전문대학원'),(884,'경기도','본교','아주대학교 임상치의학대학원'),(885,'경기도','본교','아주대학교 정보통신대학원'),(886,'경기도','본교','아주대학교 정보통신전문대학원'),(887,'경상북도','본교','안동대학교 교육대학원'),(888,'경상북도','본교','안동대학교 일반대학원'),(889,'경상북도','본교','안동대학교 한국문화산업전문대학원'),(890,'경상북도','본교','안동대학교 행정경영대학원'),(891,'경기도','본교','안양대학교 경영행정대학원'),(892,'인천광역시','제2캠퍼','안양대학교 경영행정대학원'),(893,'경기도','본교','안양대학교 교육대학원'),(894,'경기도','본교','안양대학교 글로벌대학원'),(895,'경기도','본교','안양대학교 대학원'),(896,'경기도','본교','안양대학교 신학대학원'),(897,'서울특별시','본교','연세대학교 간호대학원'),(898,'서울특별시','본교','연세대학교 경영전문대학원'),(899,'서울특별시','본교','연세대학교 경제대학원'),(900,'서울특별시','본교','연세대학교 공학대학원'),(901,'서울특별시','본교','연세대학교 교육대학원'),(902,'서울특별시','본교','연세대학교 국제학대학원'),(903,'서울특별시','본교','연세대학교 대학원'),(904,'서울특별시','본교','연세대학교 법무대학원'),(905,'서울특별시','본교','연세대학교 법학전문대학원'),(906,'서울특별시','본교','연세대학교 보건대학원'),(907,'서울특별시','본교','연세대학교 사회복지대학원'),(908,'서울특별시','본교','연세대학교 생활환경대학원'),(909,'서울특별시','본교','연세대학교 언론홍보대학원'),(910,'서울특별시','본교','연세대학교 연합신학대학원'),(911,'서울특별시','본교','연세대학교 의학전문대학원'),(912,'서울특별시','본교','연세대학교 정보대학원'),(913,'서울특별시','본교','연세대학교 치의학전문대학원'),(914,'서울특별시','본교','연세대학교 커뮤니케이션대학원'),(915,'서울특별시','본교','연세대학교 행정대학원'),(916,'강원도','분교','연세대학교(미래) 대학원'),(917,'강원도','분교','연세대학교(미래) 보건과학대학원'),(918,'강원도','분교','연세대학교(미래) 보건환경대학원'),(919,'강원도','분교','연세대학교(미래) 정경·창업대학원'),(920,'강원도','분교','연세대학교(미래) 정경대학원'),(921,'대구광역시','본교','영남대학교 경영대학원'),(922,'대구광역시','본교','영남대학교 경영행정대학원'),(923,'경상북도','본교','영남대학교 공학대학원'),(924,'경상북도','본교','영남대학교 교육대학원'),(925,'대구광역시','본교','영남대학교 문화예술디자인대학원'),(926,'경상북도','본교','영남대학교 박정희새마을대학원'),(927,'경상북도','본교','영남대학교 법학전문대학원'),(928,'대구광역시','본교','영남대학교 스포츠과학대학원'),(929,'대구광역시','본교','영남대학교 의학전문대학원'),(930,'경상북도','본교','영남대학교 일반대학원'),(931,'대구광역시','본교','영남대학교 임상약학대학원'),(932,'대구광역시','본교','영남대학교 행정대학원'),(933,'대구광역시','본교','영남대학교 환경보건대학원'),(934,'경상북도','본교','영남신학대학교 대학원'),(935,'경상북도','본교','영남신학대학교 미래목회대학원'),(936,'경상북도','본교','영남신학대학교 북방선교대학원'),(937,'경상북도','본교','영남신학대학교 사회복지대학원'),(938,'경상북도','본교','영남신학대학교 상담대학원'),(939,'경상북도','본교','영남신학대학교 성서신학대학원'),(940,'경상북도','본교','영남신학대학교 신학대학원'),(941,'경상북도','본교','영남신학대학교 융복합목회실천신학대학원'),(942,'경상북도','본교','영남신학대학교 통일선교대학원'),(943,'경상남도','본교','영산대학교 공과대학원'),(944,'부산광역시','제2캠퍼','영산대학교 관광대학원'),(945,'경상남도','본교','영산대학교 기술창업대학원'),(946,'부산광역시','제2캠퍼','영산대학교 미용예술대학원'),(947,'부산광역시','제2캠퍼','영산대학교 법무경영대학원'),(948,'부산광역시','제2캠퍼','영산대학교 부동산대학원'),(949,'부산광역시','제2캠퍼','영산대학교 사회과학대학원'),(950,'경상남도','본교','영산대학교 일반대학원'),(951,'부산광역시','제2캠퍼','영산대학교 일반대학원'),(952,'전라북도','본교','예수대학교 일반대학원'),(953,'전라북도','본교','예원예술대학교 문화영상창업대학원'),(954,'전라북도','본교','예원예술대학교 문화예술대학원'),(955,'경기도','제2캠퍼','예원예술대학교 문화예술대학원'),(956,'전라북도','본교','예원예술대학교 사회복지대학원'),(957,'경기도','본교','용인대학교 경영대학원'),(958,'경기도','본교','용인대학교 교육대학원'),(959,'경기도','본교','용인대학교 문화예술대학원'),(960,'경기도','본교','용인대학교 문화재대학원'),(961,'경기도','본교','용인대학교 스포츠웰니스산업대학원'),(962,'경기도','본교','용인대학교 예술대학원'),(963,'경기도','본교','용인대학교 일반대학원'),(964,'경기도','본교','용인대학교 재활보건과학대학원'),(965,'경기도','본교','용인대학교 재활복지대학원'),(966,'경기도','본교','용인대학교 체육과학대학원'),(967,'경기도','본교','용인대학교 태권도대학원'),(968,'경기도','본교','용인대학교 통일대학원'),(969,'전라북도','본교','우석대학교 경영문화대학원'),(970,'전라북도','본교','우석대학교 경영행정문화대학원'),(971,'전라북도','본교','우석대학교 교육대학원'),(972,'전라북도','본교','우석대학교 국방정책대학원'),(973,'전라북도','본교','우석대학교 일반대학원'),(974,'대전광역시','본교','우송대학교 Culture-Techno'),(975,'대전광역시','본교','우송대학교 경영대학원'),(976,'대전광역시','본교','우송대학교 글로벌외식조리대학원'),(977,'대전광역시','본교','우송대학교 보건복지대학원'),(978,'대전광역시','본교','우송대학교 일반대학원'),(979,'대전광역시','본교','우송대학교 철도융합대학원'),(980,'울산광역시','본교','울산과학기술원 기술경영전문대학원'),(981,'울산광역시','본교','울산과학기술원 디자인-공학융합전문대학'),(982,'울산광역시','본교','울산과학기술원 융합경영대학원'),(983,'울산광역시','본교','울산과학기술원 일반대학원'),(984,'울산광역시','본교','울산대학교 경영대학원'),(985,'울산광역시','본교','울산대학교 교육대학원'),(986,'울산광역시','본교','울산대학교 대학원'),(987,'울산광역시','본교','울산대학교 산업대학원'),(988,'울산광역시','본교','울산대학교 자동차선박기술대학원'),(989,'울산광역시','본교','울산대학교 정책대학원'),(990,'전라북도','본교','원광대학교 경영대학원'),(991,'전라북도','본교','원광대학교 교육대학원'),(992,'전라북도','본교','원광대학교 대학원'),(993,'전라북도','본교','원광대학교 동서보완의학대학원'),(994,'전라북도','본교','원광대학교 동양학대학원'),(995,'전라북도','본교','원광대학교 법학전문대학원'),(996,'전라북도','본교','원광대학교 보건보완의학대학원'),(997,'전라북도','본교','원광대학교 보건환경대학원'),(998,'전라북도','본교','원광대학교 식품산업기술대학원'),(999,'전라북도','본교','원광대학교 한의학전문대학원'),(1000,'전라북도','본교','원광대학교 행정대학원'),(1001,'전라북도','본교','원광디지털대학교 웰빙문화대학원'),(1002,'경상북도','본교','위덕대학교 경영대학원'),(1003,'경상북도','본교','위덕대학교 교육대학원'),(1004,'경상북도','본교','위덕대학교 불교대학원'),(1005,'경상북도','본교','위덕대학교 사회복지대학원'),(1006,'충청북도','본교','유원대학교 산업정보대학원'),(1007,'대전광역시','본교','을지대학교 보건대학원'),(1008,'경기도','제3캠퍼','을지대학교 보건대학원'),(1009,'경기도','제3캠퍼','을지대학교 보건복지대학원'),(1010,'대전광역시','본교','을지대학교 일반대학원'),(1011,'경기도','제3캠퍼','을지대학교 일반대학원'),(1012,'대전광역시','본교','을지대학교 임상간호대학원'),(1013,'경기도','제3캠퍼','을지대학교 임상간호대학원'),(1014,'서울특별시','본교','이화여자대학교 경영전문대학원'),(1015,'서울특별시','본교','이화여자대학교 공연예술대학원'),(1016,'서울특별시','본교','이화여자대학교 교육대학원'),(1017,'서울특별시','본교','이화여자대학교 국제대학원'),(1018,'서울특별시','본교','이화여자대학교 대학원'),(1019,'서울특별시','본교','이화여자대학교 데이터사이언스대학원'),(1020,'서울특별시','본교','이화여자대학교 디자인대학원'),(1021,'서울특별시','본교','이화여자대학교 법학전문대학원'),(1022,'서울특별시','본교','이화여자대학교 사회복지대학원'),(1023,'서울특별시','본교','이화여자대학교 신학대학원'),(1024,'서울특별시','본교','이화여자대학교 외국어교육특수대학원'),(1025,'서울특별시','본교','이화여자대학교 의학전문대학원'),(1026,'서울특별시','본교','이화여자대학교 임상바이오헬스대학원'),(1027,'서울특별시','본교','이화여자대학교 임상보건융합대학원'),(1028,'서울특별시','본교','이화여자대학교 임상치의학대학원'),(1029,'서울특별시','본교','이화여자대학교 정책과학대학원'),(1030,'서울특별시','본교','이화여자대학교 통역번역대학원'),(1031,'경상남도','본교','인제대학교 경영대학원'),(1032,'경상남도','본교','인제대학교 교육대학원'),(1033,'부산광역시','본교','인제대학교 보건대학원'),(1034,'경상남도','본교','인제대학교 사회복지대학원'),(1035,'경상남도','본교','인제대학교 산업기술융합대학원'),(1036,'경상남도','본교','인제대학교 산업융합대학원'),(1037,'경상남도','본교','인제대학교 일반대학원'),(1038,'인천광역시','본교','인천가톨릭대학교 대학원'),(1039,'인천광역시','제2캠퍼','인천가톨릭대학교 일반대학원'),(1040,'인천광역시','제2캠퍼','인천가톨릭대학교 특수대학원'),(1041,'인천광역시','본교','인천대학교 경영대학원'),(1042,'인천광역시','본교','인천대학교 공학대학원'),(1043,'인천광역시','본교','인천대학교 교육대학원'),(1044,'인천광역시','본교','인천대학교 대학원'),(1045,'인천광역시','본교','인천대학교 동북아물류대학원'),(1046,'인천광역시','본교','인천대학교 문화대학원'),(1047,'인천광역시','본교','인천대학교 정보기술대학원'),(1048,'인천광역시','본교','인천대학교 정책대학원'),(1049,'인천광역시','본교','인천대학교 행정대학원'),(1050,'인천광역시','본교','인하대학교 경영대학원'),(1051,'인천광역시','본교','인하대학교 공학대학원'),(1052,'인천광역시','본교','인하대학교 교육대학원'),(1053,'인천광역시','본교','인하대학교 국제통상물류대학원'),(1054,'인천광역시','본교','인하대학교 대학원'),(1055,'인천광역시','본교','인하대학교 물류전문대학원'),(1056,'인천광역시','본교','인하대학교 법학전문대학원'),(1057,'인천광역시','본교','인하대학교 보건대학원'),(1058,'인천광역시','본교','인하대학교 상담심리대학원'),(1059,'인천광역시','본교','인하대학교 의학전문대학원'),(1060,'인천광역시','본교','인하대학교 정보통신대학원'),(1061,'인천광역시','본교','인하대학교 정책대학원'),(1062,'인천광역시','본교','인하대학교 제조혁신전문대학원'),(1063,'서울특별시','본교','장로회신학대학교 교육대학원'),(1064,'서울특별시','본교','장로회신학대학교 교회음악대학원'),(1065,'서울특별시','본교','장로회신학대학교 기독교와사회대학원'),(1066,'서울특별시','본교','장로회신학대학교 목회전문대학원'),(1067,'서울특별시','본교','장로회신학대학교 세계선교대학원'),(1068,'서울특별시','본교','장로회신학대학교 신학대학원'),(1069,'서울특별시','본교','장로회신학대학교 일반대학원'),(1070,'광주광역시','본교','전남대학교 경영전문대학원'),(1071,'광주광역시','본교','전남대학교 교육대학원'),(1072,'광주광역시','본교','전남대학교 대학원'),(1073,'광주광역시','본교','전남대학교 데이터사이언스대학원'),(1074,'광주광역시','본교','전남대학교 문화전문대학원'),(1075,'광주광역시','본교','전남대학교 법학전문대학원'),(1076,'광주광역시','본교','전남대학교 산업대학원'),(1077,'전라남도','제2캠퍼','전남대학교 산학협력대학원'),(1078,'전라남도','제2캠퍼','전남대학교 수산해양대학원'),(1079,'광주광역시','본교','전남대학교 식물방역대학원'),(1080,'광주광역시','본교','전남대학교 의학전문대학원'),(1081,'광주광역시','본교','전남대학교 정책대학원'),(1082,'광주광역시','본교','전남대학교 치의학전문대학원'),(1083,'광주광역시','본교','전남대학교 행정대학원'),(1084,'전라북도','본교','전북대학교 경영대학원'),(1085,'전라북도','본교','전북대학교 공공정책대학원'),(1086,'전라북도','본교','전북대학교 교육대학원'),(1087,'전라북도','본교','전북대학교 대학원'),(1088,'전라북도','본교','전북대학교 법무대학원'),(1089,'전라북도','본교','전북대학교 법학전문대학원'),(1090,'전라북도','본교','전북대학교 보건대학원'),(1091,'전라북도','본교','전북대학교 산업기술대학원'),(1092,'전라북도','본교','전북대학교 생명자원과학대학원'),(1093,'전라북도','본교','전북대학교 수의방역대학원'),(1094,'전라북도','본교','전북대학교 식물방역대학원'),(1095,'전라북도','본교','전북대학교 유연인쇄전자전문대학원'),(1096,'전라북도','본교','전북대학교 의학전문대학원'),(1097,'전라북도','본교','전북대학교 정보과학대학원'),(1098,'전라북도','본교','전북대학교 치의학전문대학원'),(1099,'전라북도','본교','전북대학교 행정대학원'),(1100,'전라북도','본교','전북대학교 환경대학원'),(1101,'전라북도','본교','전주교육대학교 교육대학원'),(1102,'전라북도','본교','전주대학교 경영대학원'),(1103,'전라북도','본교','전주대학교 경영행정대학원'),(1104,'전라북도','본교','전주대학교 교육대학원'),(1105,'전라북도','본교','전주대학교 대체의학대학원'),(1106,'전라북도','본교','전주대학교 문화산업대학원'),(1107,'전라북도','본교','전주대학교 보건복지대학원'),(1108,'전라북도','본교','전주대학교 부동산대학원'),(1109,'전라북도','본교','전주대학교 상담심리대학원'),(1110,'전라북도','본교','전주대학교 선교신학대학원'),(1111,'전라북도','본교','전주대학교 일반대학원'),(1112,'전라북도','본교','전주대학교 행정대학원'),(1113,'제주특별자치도','본교','제주국제대학교 경영대학원'),(1114,'제주특별자치도','본교','제주국제대학교 경찰법무대학원'),(1115,'제주특별자치도','본교','제주국제대학교 교육대학원'),(1116,'제주특별자치도','본교','제주국제대학교 글로벌제주학융합대학원'),(1117,'제주특별자치도','본교','제주국제대학교 사회복지대학원'),(1118,'제주특별자치도','본교','제주국제대학교 사회복지임상치료대학원'),(1119,'제주특별자치도','본교','제주국제대학교 산업대학원'),(1120,'제주특별자치도','본교','제주국제대학교 일반대학원'),(1121,'제주특별자치도','본교','제주대학교 경영대학원'),(1122,'제주특별자치도','본교','제주대학교 교육대학원'),(1123,'제주특별자치도','본교','제주대학교 대학원'),(1124,'제주특별자치도','본교','제주대학교 법학전문대학원'),(1125,'제주특별자치도','본교','제주대학교 보건대학원'),(1126,'제주특별자치도','본교','제주대학교 보건복지대학원'),(1127,'제주특별자치도','본교','제주대학교 사회교육대학원'),(1128,'제주특별자치도','본교','제주대학교 산업대학원'),(1129,'제주특별자치도','본교','제주대학교 의학전문대학원'),(1130,'제주특별자치도','본교','제주대학교 통역번역대학원'),(1131,'제주특별자치도','본교','제주대학교 행정대학원'),(1132,'광주광역시','본교','조선대학교 경영대학원'),(1133,'광주광역시','본교','조선대학교 교육대학원'),(1134,'광주광역시','본교','조선대학교 대학원'),(1135,'광주광역시','본교','조선대학교 디자인대학원'),(1136,'광주광역시','본교','조선대학교 보건대학원'),(1137,'광주광역시','본교','조선대학교 산업기술융합대학원'),(1138,'광주광역시','본교','조선대학교 산업기술창업대학원'),(1139,'광주광역시','본교','조선대학교 의학전문대학원'),(1140,'광주광역시','본교','조선대학교 임상약학대학원'),(1141,'광주광역시','본교','조선대학교 정책대학원'),(1142,'광주광역시','본교','조선대학교 치의학전문대학원'),(1143,'충청남도','본교','중부대학교 교육대학원'),(1144,'충청남도','본교','중부대학교 원격대학원'),(1145,'충청남도','본교','중부대학교 인문산업대학원'),(1146,'충청남도','본교','중부대학교 일반대학원'),(1147,'충청남도','본교','중부대학교 휴먼텍대학원'),(1148,'서울특별시','본교','중앙대학교 건강간호대학원'),(1149,'서울특별시','본교','중앙대학교 건설대학원'),(1150,'서울특별시','본교','중앙대학교 경영전문대학원'),(1151,'서울특별시','본교','중앙대학교 교육대학원'),(1152,'경기도','제2캠퍼','중앙대학교 국악교육대학원'),(1153,'서울특별시','본교','중앙대학교 국제대학원'),(1154,'서울특별시','본교','중앙대학교 글로벌대학원'),(1155,'서울특별시','본교','중앙대학교 글로벌인적자원개발대학원'),(1156,'서울특별시','본교','중앙대학교 대학원'),(1157,'경기도','제2캠퍼','중앙대학교 대학원'),(1158,'서울특별시','본교','중앙대학교 법학전문대학원'),(1159,'서울특별시','본교','중앙대학교 보안대학원'),(1160,'서울특별시','본교','중앙대학교 사회개발대학원'),(1161,'서울특별시','본교','중앙대학교 사회복지대학원'),(1162,'경기도','제2캠퍼','중앙대학교 산업창업경영대학원'),(1163,'서울특별시','본교','중앙대학교 신문방송대학원'),(1164,'서울특별시','본교','중앙대학교 심리서비스대학원'),(1165,'서울특별시','본교','중앙대학교 예술대학원'),(1166,'서울특별시','본교','중앙대학교 의약식품대학원'),(1167,'서울특별시','본교','중앙대학교 의학전문대학원'),(1168,'서울특별시','본교','중앙대학교 정보대학원'),(1169,'경기도','제2캠퍼','중앙대학교 창업경영대학원'),(1170,'서울특별시','본교','중앙대학교 첨단영상대학원'),(1171,'서울특별시','본교','중앙대학교 커뮤니케이션대학원'),(1172,'서울특별시','본교','중앙대학교 행정대학원'),(1173,'경기도','본교','중앙승가대학교 대학원'),(1174,'충청북도','본교','중원대학교 문화예술대학원'),(1175,'충청북도','본교','중원대학교 사회과학대학원'),(1176,'충청북도','본교','중원대학교 사회문화대학원'),(1177,'충청북도','본교','중원대학교 일반대학원'),(1178,'충청북도','본교','중원대학교 평생학습대학원'),(1179,'경상남도','본교','진주교육대학교 교육대학원'),(1180,'경상남도','본교','진주산업대학교 벤처창업대학원(산업대)'),(1181,'경상남도','본교','진주산업대학교 산업대학원(산업대)'),(1182,'경기도','본교','차의과학대학교 경영대학원'),(1183,'경기도','본교','차의과학대학교 대학원'),(1184,'경기도','본교','차의과학대학교 미술치료대학원'),(1185,'경기도','본교','차의과학대학교 보건산업대학원'),(1186,'경기도','본교','차의과학대학교 스포츠의학대학원'),(1187,'경기도','본교','차의과학대학교 융합경영대학원'),(1188,'경기도','본교','차의과학대학교 의학전문대학원'),(1189,'경기도','본교','차의과학대학교 임상상담심리대학원'),(1190,'경기도','본교','차의과학대학교 임상약학대학원'),(1191,'경기도','본교','차의과학대학교 통합의학대학원'),(1192,'경상남도','본교','창신대학교 대학원'),(1193,'경상남도','본교','창신대학교 미용예술대학원'),(1194,'경상남도','본교','창신대학교 복지문화대학원'),(1195,'경상남도','본교','창신대학교 부동산경영대학원'),(1196,'경상남도','본교','창신대학교 부동산대학원'),(1197,'경상남도','본교','창신대학교 사회복지대학원'),(1198,'경상남도','본교','창신대학교 음악대학원'),(1199,'경상남도','본교','창원대학교 경영대학원'),(1200,'경상남도','본교','창원대학교 교육대학원'),(1201,'경상남도','본교','창원대학교 그린에너지대학원'),(1202,'경상남도','본교','창원대학교 노동대학원'),(1203,'경상남도','본교','창원대학교 대학원'),(1204,'경상남도','본교','창원대학교 보건대학원'),(1205,'경상남도','본교','창원대학교 사회복지대학원'),(1206,'경상남도','본교','창원대학교 산업대학원'),(1207,'경상남도','본교','창원대학교 행정대학원'),(1208,'충청남도','본교','청운대학교 대학원'),(1209,'충청남도','본교','청운대학교 산업기술경영대학원'),(1210,'충청남도','본교','청운대학교 정보산업대학원'),(1211,'충청북도','본교','청주교육대학교 교육대학원'),(1212,'충청북도','본교','청주대학교 교육대학원'),(1213,'충청북도','본교','청주대학교 보건의료대학원'),(1214,'충청북도','본교','청주대학교 사회복지공공정책대학원'),(1215,'충청북도','본교','청주대학교 사회복지행정대학원'),(1216,'충청북도','본교','청주대학교 산업경영대학원'),(1217,'충청북도','본교','청주대학교 예술대학원'),(1218,'충청북도','본교','청주대학교 융합신기술대학원'),(1219,'충청북도','본교','청주대학교 일반대학원'),(1220,'전라남도','본교','초당대학교 산업대학원'),(1221,'전라남도','본교','초당대학교 산업대학원(산업대)'),(1222,'전라남도','본교','초당대학교 일반대학원'),(1223,'서울특별시','본교','총신대학교 교육대학원'),(1224,'서울특별시','본교','총신대학교 교회음악대학원'),(1225,'서울특별시','본교','총신대학교 목회신학대학원'),(1226,'서울특별시','본교','총신대학교 사회복지대학원'),(1227,'서울특별시','본교','총신대학교 상담대학원'),(1228,'서울특별시','본교','총신대학교 선교대학원'),(1229,'경기도','본교','총신대학교 신학대학원'),(1230,'서울특별시','본교','총신대학교 일반대학원'),(1231,'서울특별시','본교','총신대학교 통일개발대학원'),(1232,'서울특별시','본교','총신대학교 평화통일개발대학원'),(1233,'서울특별시','본교','추계예술대학교 교육대학원'),(1234,'서울특별시','본교','추계예술대학교 문화예술경영대학원'),(1235,'서울특별시','본교','추계예술대학교 일반대학원'),(1236,'강원도','본교','춘천교육대학교 교육대학원'),(1237,'대전광역시','본교','충남대학교 경영대학원'),(1238,'대전광역시','본교','충남대학교 교육대학원'),(1239,'대전광역시','본교','충남대학교 국가정책대학원'),(1240,'대전광역시','본교','충남대학교 녹색에너지기술전문대학원'),(1241,'대전광역시','본교','충남대학교 대학원'),(1242,'대전광역시','본교','충남대학교 법학전문대학원'),(1243,'대전광역시','본교','충남대학교 보건대학원'),(1244,'대전광역시','본교','충남대학교 분석과학기술대학원'),(1245,'대전광역시','본교','충남대학교 산업대학원'),(1246,'대전광역시','본교','충남대학교 스마트농업대학원'),(1247,'대전광역시','본교','충남대학교 신약전문대학원'),(1248,'대전광역시','본교','충남대학교 에너지과학기술대학원'),(1249,'대전광역시','본교','충남대학교 의학전문대학원'),(1250,'대전광역시','본교','충남대학교 특허법무대학원'),(1251,'대전광역시','본교','충남대학교 평화안보대학원'),(1252,'대전광역시','본교','충남대학교 행정대학원'),(1253,'충청북도','본교','충북대학교 경영대학원'),(1254,'충청북도','본교','충북대학교 교육대학원'),(1255,'충청북도','본교','충북대학교 대학원'),(1256,'충청북도','본교','충북대학교 법무대학원'),(1257,'충청북도','본교','충북대학교 법학전문대학원'),(1258,'충청북도','본교','충북대학교 북방농업대학원'),(1259,'충청북도','본교','충북대학교 산업대학원'),(1260,'충청북도','본교','충북대학교 세종 국가정책대학원'),(1261,'충청북도','본교','충북대학교 수의방역대학원'),(1262,'충청북도','본교','충북대학교 의생명과학경영융합대학원'),(1263,'충청북도','본교','충북대학교 의학전문대학원'),(1264,'충청북도','본교','충북대학교 행정대학원'),(1265,'경기도','본교','칼빈대학교 대학원'),(1266,'경기도','본교','칼빈신학대학원'),(1267,'경기도','본교','평택대학교 교육대학원'),(1268,'경기도','본교','평택대학교 글로벌비즈니스대학원'),(1269,'경기도','본교','평택대학교 문화·예술융합대학원'),(1270,'경기도','본교','평택대학교 물류·정보·경영대학원'),(1271,'경기도','본교','평택대학교 물류문화정보대학원'),(1272,'경기도','본교','평택대학교 물류정보대학원'),(1273,'경기도','본교','평택대학교 사회복지대학원'),(1274,'경기도','본교','평택대학교 상담대학원'),(1275,'경기도','본교','평택대학교 일반대학원'),(1276,'경기도','본교','평택대학교 통번역대학원'),(1277,'경기도','본교','평택대학교 피어선신학전문대학원'),(1278,'경상북도','본교','포항공과대학교 대학원'),(1279,'경상북도','본교','포항공과대학교 엔지니어링대학원'),(1280,'경상북도','본교','포항공과대학교 정보통신대학원'),(1281,'경상북도','본교','포항공과대학교 철강에너지소재대학원'),(1282,'경상북도','본교','포항공과대학교 철강대학원'),(1283,'경상북도','본교','포항공과대학교 해양대학원'),(1284,'경기도','본교','한경대학교 공공정책대학원'),(1285,'경기도','본교','한경대학교 공공정책대학원(산업대)'),(1286,'경기도','본교','한경대학교 국제개발협력대학원'),(1287,'경기도','본교','한경대학교 국제개발협력대학원(산업대)'),(1288,'경기도','본교','한경대학교 미래융합기술대학원'),(1289,'경기도','본교','한경대학교 미래융합기술대학원(산업대)'),(1290,'경기도','본교','한경대학교 산업대학원'),(1291,'경기도','본교','한경대학교 산업대학원(산업대)'),(1292,'경기도','본교','한경대학교 일반대학원'),(1293,'경기도','본교','한국공학대학교 산업기술경영대학원'),(1294,'경기도','본교','한국공학대학교 일반대학원'),(1295,'경기도','본교','한국공학대학교 지식기반기술에너지대학원'),(1296,'대전광역시','본교','한국과학기술원 일반대학원'),(1297,'충청북도','본교','한국교원대학교 교육대학원'),(1298,'충청북도','본교','한국교원대학교 교육정책전문대학원'),(1299,'충청북도','본교','한국교원대학교 대학원'),(1300,'충청북도','본교','한국교통대학교 경영행정대학원'),(1301,'충청북도','본교','한국교통대학교 교육대학원'),(1302,'충청북도','본교','한국교통대학교 교통대학원'),(1303,'충청북도','본교','한국교통대학교 글로벌융합대학원'),(1304,'충청북도','본교','한국교통대학교 대학원'),(1305,'충청북도','본교','한국교통대학교 인문대학원'),(1306,'경상남도','본교','한국국제대학교 경영행정관광대학원'),(1307,'경상남도','본교','한국국제대학교 보건복지대학원'),(1308,'경상남도','본교','한국국제대학교 산업대학원'),(1309,'경상남도','본교','한국국제대학교 일반대학원'),(1310,'충청남도','본교','한국기술교육대학교 IT융합과학경영산업'),(1311,'충청남도','본교','한국기술교육대학교 대학원'),(1312,'충청남도','본교','한국기술교육대학교 테크노인력개발전문대'),(1313,'서울특별시','본교','한국방송통신대학교 경영대학원'),(1314,'서울특별시','본교','한국방송통신대학교 대학원'),(1315,'경기도','본교','한국산업기술대학교 산업기술경영대학원('),(1316,'경기도','본교','한국산업기술대학교 지식기반기술에너지대'),(1317,'서울특별시','본교','한국성서대학교 대학원'),(1318,'서울특별시','본교','한국성서대학교 보육대학원'),(1319,'서울특별시','본교','한국성서대학교 사회복지대학원'),(1320,'서울특별시','본교','한국성서대학교 신학대학원'),(1321,'전라남도','본교','한국에너지공과대학교 대학원'),(1322,'서울특별시','본교','한국외국어대학교 KFL대학원'),(1323,'서울특별시','본교','한국외국어대학교 TESOL 대학원'),(1324,'서울특별시','본교','한국외국어대학교 경영대학원'),(1325,'서울특별시','본교','한국외국어대학교 교육대학원'),(1326,'서울특별시','본교','한국외국어대학교 국제지역대학원'),(1327,'서울특별시','본교','한국외국어대학교 법학전문대학원'),(1328,'서울특별시','본교','한국외국어대학교 일반대학원'),(1329,'서울특별시','본교','한국외국어대학교 정치행정언론대학원'),(1330,'서울특별시','본교','한국외국어대학교 통번역대학원'),(1331,'충청남도','본교','한국전통문화대학교 문화유산융합대학원'),(1332,'충청남도','본교','한국전통문화대학교 문화유산전문대학원'),(1333,'충청남도','본교','한국전통문화대학교 미래문화유산대학원'),(1334,'충청남도','본교','한국전통문화대학교 일반대학원'),(1335,'서울특별시','본교','한국체육대학교 교육대학원'),(1336,'서울특별시','본교','한국체육대학교 대학원'),(1337,'서울특별시','본교','한국체육대학교 사회체육대학원'),(1338,'서울특별시','본교','한국체육대학교 스포츠융복합대학원'),(1339,'대전광역시','본교','한국침례신학대학교 교회음악대학원'),(1340,'대전광역시','본교','한국침례신학대학교 대학원'),(1341,'대전광역시','본교','한국침례신학대학교 목회신학대학원'),(1342,'대전광역시','본교','한국침례신학대학교 상담대학원'),(1343,'대전광역시','본교','한국침례신학대학교 상담복지대학원'),(1344,'대전광역시','본교','한국침례신학대학교 선교대학원'),(1345,'대전광역시','본교','한국침례신학대학교 성서주해대학원'),(1346,'대전광역시','본교','한국침례신학대학교 신학대학원'),(1347,'경기도','본교','한국항공대학교 대학원'),(1348,'경기도','본교','한국항공대학교 항공경영대학원'),(1349,'경기도','본교','한국항공대학교 항공산업경영대학원'),(1350,'부산광역시','본교','한국해양대학교 교육대학원'),(1351,'부산광역시','본교','한국해양대학교 글로벌물류대학원'),(1352,'부산광역시','본교','한국해양대학교 대학원'),(1353,'부산광역시','본교','한국해양대학교 해사산업대학원'),(1354,'부산광역시','본교','한국해양대학교 해양과학기술전문대학원'),(1355,'부산광역시','본교','한국해양대학교 해양관리기술대학원'),(1356,'부산광역시','본교','한국해양대학교 해양금융대학원'),(1357,'부산광역시','본교','한국해양대학교 해양금융물류대학원'),(1358,'대전광역시','본교','한남대학교 경영·국방전략대학원'),(1359,'대전광역시','본교','한남대학교 경영대학원'),(1360,'대전광역시','본교','한남대학교 경영산업대학원'),(1361,'대전광역시','본교','한남대학교 교육대학원'),(1362,'대전광역시','본교','한남대학교 국방전략대학원'),(1363,'대전광역시','본교','한남대학교 대학원'),(1364,'대전광역시','본교','한남대학교 사회문화행정복지대학원'),(1365,'대전광역시','본교','한남대학교 사회문화대학원'),(1366,'대전광역시','본교','한남대학교 학제신학대학원'),(1367,'대전광역시','본교','한남대학교 행정복지대학원'),(1368,'경상북도','본교','한동대학교 교육대학원'),(1369,'경상북도','본교','한동대학교 국제개발협력대학원'),(1370,'경상북도','본교','한동대학교 국제경영대학원'),(1371,'경상북도','본교','한동대학교 국제법률대학원'),(1372,'경상북도','본교','한동대학교 상담대학원'),(1373,'경상북도','본교','한동대학교 일반대학원'),(1374,'경상북도','본교','한동대학교 통역번역대학원'),(1375,'강원도','본교','한라대학교 정보산업대학원'),(1376,'전라남도','본교','한려대학교 경영행정대학원'),(1377,'전라남도','본교','한려대학교 보건대학원'),(1378,'전라남도','본교','한려대학교 사회복지대학원'),(1379,'전라남도','본교','한려대학교 일반대학원'),(1380,'강원도','본교','한림대학교 간호대학원'),(1381,'강원도','본교','한림대학교 경영대학원'),(1382,'강원도','본교','한림대학교 국제학대학원'),(1383,'강원도','본교','한림대학교 글로벌협력대학원'),(1384,'강원도','본교','한림대학교 대학원'),(1385,'강원도','본교','한림대학교 보건과학대학원'),(1386,'강원도','본교','한림대학교 보건대학원'),(1387,'강원도','본교','한림대학교 사회복지대학원'),(1388,'강원도','본교','한림대학교 임상치의학대학원'),(1389,'대전광역시','본교','한밭대학교 산업대학원'),(1390,'대전광역시','본교','한밭대학교 산업대학원(산업대)'),(1391,'대전광역시','본교','한밭대학교 일반대학원'),(1392,'대전광역시','본교','한밭대학교 정보통신전문대학원'),(1393,'대전광역시','본교','한밭대학교 정보통신전문대학원(산업대)'),(1394,'대전광역시','본교','한밭대학교 창업경영대학원'),(1395,'대전광역시','본교','한밭대학교 창업경영대학원(산업대)'),(1396,'충청남도','본교','한서대학교 건강증진대학원'),(1397,'충청남도','본교','한서대학교 교육대학원'),(1398,'충청남도','본교','한서대학교 국제디자인융합전문대학원'),(1399,'충청남도','본교','한서대학교 국제예술디자인대학원'),(1400,'충청남도','본교','한서대학교 대학원'),(1401,'충청남도','본교','한서대학교 예술대학원'),(1402,'충청남도','본교','한서대학교 정보산업대학원'),(1403,'충청남도','본교','한서대학교 항공융합대학원'),(1404,'충청남도','본교','한서대학교 항공정보산업대학원'),(1405,'서울특별시','본교','한성대학교 경영대학원'),(1406,'서울특별시','본교','한성대학교 교육대학원'),(1407,'서울특별시','본교','한성대학교 국방과학대학원'),(1408,'서울특별시','본교','한성대학교 부동산대학원'),(1409,'서울특별시','본교','한성대학교 예술대학원'),(1410,'서울특별시','본교','한성대학교 일반대학원'),(1411,'서울특별시','본교','한성대학교 지식서비스&컨설팅대학원'),(1412,'서울특별시','본교','한성대학교 행정대학원'),(1413,'경기도','본교','한세대학교 간호복지대학원'),(1414,'경기도','본교','한세대학교 경찰법무경영대학원'),(1415,'경기도','본교','한세대학교 경찰법무대학원'),(1416,'경기도','본교','한세대학교 공공정책대학원'),(1417,'경기도','본교','한세대학교 공연예술대학원'),(1418,'경기도','본교','한세대학교 공학대학원'),(1419,'경기도','본교','한세대학교 대학원'),(1420,'경기도','본교','한세대학교 보건융합대학원'),(1421,'경기도','본교','한세대학교 사회복지대학원'),(1422,'서울특별시','본교','한양대학교 보건대학원'),(1423,'경기도','본교','한세대학교 산업보안안전대학원'),(1424,'경기도','본교','한세대학교 스포츠경영대학원'),(1425,'경기도','본교','한세대학교 심리상담대학원'),(1426,'경기도','본교','한세대학교 영산신학대학원'),(1427,'경기도','본교','한세대학교 예술대학원'),(1428,'경기도','본교','한세대학교 치료상담대학원'),(1429,'경기도','본교','한세대학교 피아노페다고지대학원'),(1430,'경기도','본교','한세대학교 합창지휘대학원'),(1431,'경기도','본교','한세대학교 휴먼서비스대학원'),(1432,'경기도','본교','한신대학교 교육대학원'),(1433,'경기도','본교','한신대학교 대학원'),(1434,'경기도','본교','한신대학교 문예창작대학원'),(1435,'서울특별시','본교','한신대학교 사회혁신경영대학원'),(1436,'서울특별시','본교','한신대학교 신학대학원'),(1437,'경기도','본교','한신대학교 정신분석대학원'),(1438,'서울특별시','본교','한양대학교 경영대학원'),(1439,'서울특별시','본교','한양대학교 경영전문대학원'),(1440,'서울특별시','본교','한양대학교 공공정책대학원'),(1441,'서울특별시','본교','한양대학교 공학대학원'),(1442,'서울특별시','본교','한양대학교 교육대학원'),(1443,'서울특별시','본교','한양대학교 국제관광대학원'),(1444,'서울특별시','본교','한양대학교 국제학대학원'),(1445,'서울특별시','본교','한양대학교 기술경영전문대학원'),(1446,'서울특별시','본교','한양대학교 대학원'),(1447,'서울특별시','본교','한양대학교 도시대학원'),(1448,'서울특별시','본교','한양대학교 법학전문대학원'),(1449,'서울특별시','본교','한양대학교 부동산융합대학원'),(1450,'서울특별시','본교','한양대학교 상담심리대학원'),(1451,'서울특별시','본교','한양대학교 언론정보대학원'),(1452,'서울특별시','본교','한양대학교 의생명공학전문대학원'),(1453,'서울특별시','본교','한양대학교 의학전문대학원'),(1454,'서울특별시','본교','한양대학교 인공지능융합대학원'),(1455,'서울특별시','본교','한양대학교 임상간호대학원'),(1456,'서울특별시','본교','한양대학교 임상간호정보대학원'),(1457,'경기도','분교','한양대학교(ERICA) 공학기술대학원'),(1458,'경기도','분교','한양대학교(ERICA) 기업경영대학원'),(1459,'경기도','분교','한양대학교(ERICA) 대학원'),(1460,'경기도','분교','한양대학교(ERICA) 문화산업대학원'),(1461,'경기도','분교','한양대학교(ERICA) 예술디자인대학'),(1462,'경기도','분교','한양대학교(ERICA) 융합산업대학원'),(1463,'서울특별시','본교','한양사이버대학교 경영대학원'),(1464,'서울특별시','본교','한양사이버대학교 교육정보대학원'),(1465,'서울특별시','본교','한양사이버대학교 디자인대학원'),(1466,'서울특별시','본교','한양사이버대학교 미래융합공학대학원'),(1467,'서울특별시','본교','한양사이버대학교 부동산대학원'),(1468,'서울특별시','본교','한양사이버대학교 휴먼서비스대학원'),(1469,'전라북도','본교','한일장신대학교 NGO정책대학원'),(1470,'전라북도','본교','한일장신대학교 사회복지대학원'),(1471,'전라북도','본교','한일장신대학교 신학대학원'),(1472,'전라북도','본교','한일장신대학교 심리치료대학원'),(1473,'전라북도','본교','한일장신대학교 아태국제신학대학원'),(1474,'전라북도','본교','한일장신대학교 일반대학원'),(1475,'강원도','본교','한중대학교 경영행정대학원'),(1476,'강원도','본교','한중대학교 산업대학원'),(1477,'강원도','본교','한중대학교 일반대학원'),(1478,'경기도','본교','협성대학교 교육대학원'),(1479,'경기도','본교','협성대학교 사회복지대학원'),(1480,'경기도','본교','협성대학교 신학대학원'),(1481,'경기도','본교','협성대학교 예술대학원'),(1482,'경기도','본교','협성대학교 일반대학원'),(1483,'광주광역시','본교','호남대학교 교육대학원'),(1484,'광주광역시','본교','호남대학교 사회융합대학원'),(1485,'광주광역시','본교','호남대학교 일반대학원'),(1486,'광주광역시','본교','호남신학대학교 교회음악대학원'),(1487,'광주광역시','본교','호남신학대학교 기독교상담대학원'),(1488,'광주광역시','본교','호남신학대학교 대학원'),(1489,'광주광역시','본교','호남신학대학교 사회복지대학원'),(1490,'광주광역시','본교','호남신학대학교 상담대학원'),(1491,'광주광역시','본교','호남신학대학교 신학대학원'),(1492,'충청남도','본교','호서대학교 경영대학원'),(1493,'충청남도','본교','호서대학교 교육대학원'),(1494,'서울특별시','본교','호서대학교 글로벌창업대학원'),(1495,'충청남도','본교','호서대학교 기술경영전문대학원'),(1496,'충청남도','본교','호서대학교 대학원'),(1497,'충청남도','본교','호서대학교 문화복지상담대학원'),(1498,'서울특별시','본교','호서대학교 벤처대학원'),(1499,'서울특별시','본교','호서대학교 벤처전문대학원'),(1500,'서울특별시','본교','호서대학교 산학융합대학원'),(1501,'충청남도','본교','호서대학교 스포츠과학대학원'),(1502,'충청남도','본교','호서대학교 연합신학전문대학원'),(1503,'충청남도','본교','호서대학교 행정대학원'),(1504,'서울특별시','본교','홍익대학교 건축도시대학원'),(1505,'서울특별시','본교','홍익대학교 경영대학원'),(1506,'서울특별시','본교','홍익대학교 공연예술대학원'),(1507,'서울특별시','본교','홍익대학교 광고홍보대학원'),(1508,'서울특별시','본교','홍익대학교 교육경영관리대학원'),(1509,'서울특별시','본교','홍익대학교 교육대학원'),(1510,'서울특별시','본교','홍익대학교 국제디자인전문대학원'),(1511,'서울특별시','본교','홍익대학교 대학원'),(1512,'세종특별자치시','제2캠퍼','홍익대학교 대학원'),(1513,'서울특별시','본교','홍익대학교 디자인콘텐츠대학원'),(1514,'서울특별시','본교','홍익대학교 문화예술경영대학원'),(1515,'세종특별자치시','제2캠퍼','홍익대학교 문화정보정책대학원'),(1516,'서울특별시','본교','홍익대학교 미술대학원'),(1517,'세종특별자치시','제2캠퍼','홍익대학교 산업대학원'),(1518,'서울특별시','본교','홍익대학교 산업미술대학원'),(1519,'서울특별시','본교','홍익대학교 세무대학원'),(1520,'세종특별자치시','제2캠퍼','홍익대학교 스마트도시 과학경영대학원'),(1521,'서울특별시','본교','홍익대학교 영상커뮤니케이션대학원'),(1522,'서울특별시','본교','홍익대학교 영상대학원'),(1523,'서울특별시','본교','홍익대학교 정보대학원'),(1524,'서울특별시','본교','홍익대학교 패션대학원');
/*!40000 ALTER TABLE `applicants_graduates` ENABLE KEYS */;
UNLOCK TABLES;

--
-- Table structure for table `applicants_interview_rooms`
--

DROP TABLE IF EXISTS `applicants_interview_rooms`;
/*!40101 SET @saved_cs_client     = @@character_set_client */;
/*!50503 SET character_set_client = utf8mb4 */;
CREATE TABLE `applicants_interview_rooms` (
  `applicant_interview_room_id` bigint NOT NULL AUTO_INCREMENT,
  `applicant_id` bigint DEFAULT NULL,
  `interview_room_id` bigint DEFAULT NULL,
  PRIMARY KEY (`applicant_interview_room_id`),
  KEY `FKce71alswg2s0b4s807y68t7pm` (`applicant_id`),
  KEY `FK22htbvcyweog79u6nod36oa43` (`interview_room_id`),
  CONSTRAINT `FK22htbvcyweog79u6nod36oa43` FOREIGN KEY (`interview_room_id`) REFERENCES `interview_rooms` (`interview_room_id`),
  CONSTRAINT `FKce71alswg2s0b4s807y68t7pm` FOREIGN KEY (`applicant_id`) REFERENCES `applicants` (`applicant_id`)
) ENGINE=InnoDB AUTO_INCREMENT=98 DEFAULT CHARSET=utf8mb4 COLLATE=utf8mb4_0900_ai_ci;
/*!40101 SET character_set_client = @saved_cs_client */;

--
-- Dumping data for table `applicants_interview_rooms`
--

LOCK TABLES `applicants_interview_rooms` WRITE;
/*!40000 ALTER TABLE `applicants_interview_rooms` DISABLE KEYS */;
INSERT INTO `applicants_interview_rooms` VALUES (1,1992,1),(2,1993,1),(3,1994,2),(4,1995,2),(5,1996,3),(6,1997,3),(7,1998,4),(8,1999,4),(9,2000,5),(10,2001,5),(11,2002,6),(12,2003,6),(13,2004,7),(14,2005,7),(15,2006,8),(16,2007,8),(17,2008,9),(18,2009,9),(19,2010,10),(20,2011,10),(21,2012,11),(22,2013,11),(23,2014,12),(24,2015,12),(41,2002,1),(42,2109,22),(43,2110,22),(44,2111,23),(45,2112,23),(46,2113,24),(47,2114,24),(48,2115,25),(49,2116,25),(50,2117,26),(51,2118,26),(52,2022,1),(53,2117,27),(54,2118,27),(55,2119,28),(56,2120,28),(57,2121,29),(58,2122,29),(63,2109,32),(64,2110,32),(72,2111,34),(73,2112,34),(74,2113,35),(75,2114,35),(76,2121,36),(77,2122,36),(94,2113,37),(95,2114,37),(96,1992,47),(97,1993,47);
/*!40000 ALTER TABLE `applicants_interview_rooms` ENABLE KEYS */;
UNLOCK TABLES;

--
-- Table structure for table `applicants_pass_log`
--

DROP TABLE IF EXISTS `applicants_pass_log`;
/*!40101 SET @saved_cs_client     = @@character_set_client */;
/*!50503 SET character_set_client = utf8mb4 */;
CREATE TABLE `applicants_pass_log` (
  `applicant_pass_log_id` bigint NOT NULL AUTO_INCREMENT,
  `code` varchar(20) DEFAULT NULL,
  `created_at` datetime(6) DEFAULT NULL,
  `email` varchar(45) DEFAULT NULL,
  `interview_name` varchar(64) DEFAULT NULL,
  `name` varchar(45) DEFAULT NULL,
  `process_name` varchar(64) DEFAULT NULL,
  `score` double NOT NULL DEFAULT '0',
  `status` varchar(255) DEFAULT NULL,
  `step` tinyint DEFAULT '1',
  `user_id` varchar(50) DEFAULT NULL,
  `applicant_id` bigint DEFAULT NULL,
  PRIMARY KEY (`applicant_pass_log_id`),
  KEY `FK2xle13kfymxi8cg3rbsg41rsl` (`applicant_id`),
  CONSTRAINT `FK2xle13kfymxi8cg3rbsg41rsl` FOREIGN KEY (`applicant_id`) REFERENCES `applicants` (`applicant_id`)
) ENGINE=InnoDB AUTO_INCREMENT=124 DEFAULT CHARSET=utf8mb4 COLLATE=utf8mb4_0900_ai_ci;
/*!40101 SET character_set_client = @saved_cs_client */;

--
-- Dumping data for table `applicants_pass_log`
--

LOCK TABLES `applicants_pass_log` WRITE;
/*!40000 ALTER TABLE `applicants_pass_log` DISABLE KEYS */;
INSERT INTO `applicants_pass_log` VALUES (75,'10887589','2023-02-16 22:01:12.333000','jangOK@gmail.com','삼성물산 IT 1차','장그래','삼성물산 IT',37,'P',1,NULL,1992),(76,'10887590','2023-02-16 22:01:12.372000','ayi98@gmail.com','삼성물산 IT 1차','안영이','삼성물산 IT',89,'P',1,NULL,1993),(77,'10887591','2023-02-16 22:01:12.379000','white96@gmail.com','삼성물산 IT 1차','장백기','삼성물산 IT',78,'P',1,NULL,1994),(78,'10887592','2023-02-16 22:01:12.387000','bongbong@gmail.com','삼성물산 IT 1차','한석율','삼성물산 IT',68,'P',1,NULL,1995),(79,'10887593','2023-02-16 22:01:12.393000','yejin@gmail.com','삼성물산 IT 1차','손예진','삼성물산 IT',45,'P',1,NULL,1996),(80,'10887594','2023-02-16 22:01:12.399000','shinhye@gmail.com','삼성물산 IT 1차','박신혜','삼성물산 IT',67,'P',1,NULL,1997),(81,'10887595','2023-02-16 22:01:12.406000','sohyeun96@gmail.com','삼성물산 IT 1차','김소현','삼성물산 IT',58,'P',1,NULL,1998),(82,'10887596','2023-02-16 22:01:12.412000','iuiu@gmail.com','삼성물산 IT 1차','이지은','삼성물산 IT',88,'P',1,NULL,1999),(83,'10887597','2023-02-16 22:01:12.418000','wise88@gmail.com','삼성물산 IT 1차','한예슬','삼성물산 IT',65,'P',1,NULL,2000),(84,'10887598','2023-02-16 22:01:12.424000','tuna76@gmail.com','삼성물산 IT 1차','강동원','삼성물산 IT',77,'P',1,NULL,2001),(85,'10887599','2023-02-16 22:01:12.430000','share98@gmail.com','삼성물산 IT 1차','공유','삼성물산 IT',56,'P',1,NULL,2002),(86,'10887600','2023-02-16 22:01:12.435000','gsu87@gmail.com','삼성물산 IT 1차','권상우','삼성물산 IT',77,'P',1,NULL,2003),(87,'10887601','2023-02-16 22:01:12.441000','suhyun98@gmail.com','삼성물산 IT 1차','김수현','삼성물산 IT',0,'NP',1,NULL,2004),(88,'10887602','2023-02-16 22:01:12.447000','bogum92@gmail.com','삼성물산 IT 1차','박보검','삼성물산 IT',0,'NP',1,NULL,2005),(89,'10887603','2023-02-16 22:01:12.453000','yongyong@gmail.com','삼성물산 IT 1차','배용준','삼성물산 IT',0,'NP',1,NULL,2006),(90,'10887604','2023-02-16 22:01:12.459000','inguk4157@gmail.com','삼성물산 IT 1차','서인국','삼성물산 IT',0,'NP',1,NULL,2007),(91,'10887605','2023-02-16 22:01:12.465000','subsub76@gmail.com','삼성물산 IT 1차','소지섭','삼성물산 IT',0,'NP',1,NULL,2008),(92,'10887606','2023-02-16 22:01:12.471000','seunghun7@gmail.com','삼성물산 IT 1차','송승헌','삼성물산 IT',0,'NP',1,NULL,2009),(93,'10887607','2023-02-16 22:01:12.477000','dongyub@gmail.com','삼성물산 IT 1차','신동엽','삼성물산 IT',0,'NP',1,NULL,2010),(94,'10887608','2023-02-16 22:01:12.483000','sanghoon98@gmail.com','삼성물산 IT 1차','정상훈','삼성물산 IT',0,'NP',1,NULL,2011),(95,'10887609','2023-02-16 22:01:12.489000','youngmi88@gmail.com','삼성물산 IT 1차','안영미','삼성물산 IT',0,'NP',1,NULL,2012),(96,'10887610','2023-02-16 22:01:12.495000','hyeok@gmail.com','삼성물산 IT 1차','권혁수','삼성물산 IT',0,'NP',1,NULL,2013),(97,'10887611','2023-02-16 22:01:12.501000','mingyo@gmail.com','삼성물산 IT 1차','김민교','삼성물산 IT',0,'NP',1,NULL,2014),(98,'10887612','2023-02-16 22:01:12.507000','pjb879@gmail.com','삼성물산 IT 1차','박재범','삼성물산 IT',0,'NP',1,NULL,2015),(99,'10887613','2023-02-16 22:01:12.513000','seyune8@gmail.com','삼성물산 IT 1차','유세윤','삼성물산 IT',0,'NP',1,NULL,2016),(100,'10887614','2023-02-16 22:01:12.518000','seulgi@gmail.com','삼성물산 IT 1차','김슬기','삼성물산 IT',0,'NP',1,NULL,2017),(101,'10887615','2023-02-16 22:01:12.524000','irang@gmail.com','삼성물산 IT 1차','정이랑','삼성물산 IT',0,'NP',1,NULL,2018),(102,'10887616','2023-02-16 22:01:12.530000','sour4756@gmail.com','삼성물산 IT 1차','이세영','삼성물산 IT',0,'NP',1,NULL,2019),(103,'10887617','2023-02-16 22:01:12.536000','gyungpyo@gmail.com','삼성물산 IT 1차','고경표','삼성물산 IT',0,'NP',1,NULL,2020),(104,'10887618','2023-02-16 22:01:12.542000','ju7456@gmail.com','삼성물산 IT 1차','주현영','삼성물산 IT',0,'NP',1,NULL,2021),(105,'10887619','2023-02-16 22:01:12.548000','ayoung74@gmail.com','삼성물산 IT 1차','김아영','삼성물산 IT',7.2,'NP',1,NULL,2022),(106,'10887620','2023-02-16 22:01:12.554000','dasliebeich7@gmail.com','삼성물산 IT 1차','김원훈','삼성물산 IT',0,'NP',1,NULL,2023),(107,'10887621','2023-02-16 22:01:12.560000','fuckedupbird@gmail.com','삼성물산 IT 1차','조진세','삼성물산 IT',0,'NP',1,NULL,2078),(108,'10887622','2023-02-16 22:01:12.565000','skate@korea.com','삼성물산 IT 1차','김연아','삼성물산 IT',0,'NP',1,NULL,2079),(109,'10887623','2023-02-16 22:01:12.572000','young@gmail.com','삼성물산 IT 1차','황영준','삼성물산 IT',0,'NP',1,NULL,2081),(110,'10887624','2023-02-16 22:01:12.578000','example@naver.com','삼성물산 IT 1차','황영기','삼성물산 IT',0,'NP',1,NULL,2085),(111,'12345678','2023-02-16 22:01:12.584000','ssafy@gmail.com','삼성물산 IT 1차','홍싸피','삼성물산 IT',0,'NP',1,NULL,2195),(112,'10887589','2023-02-16 22:03:46.715000','jangOK@gmail.com','삼성물산 IT 2차','장그래','삼성물산 IT',0,'NP',2,NULL,1992),(113,'10887590','2023-02-16 22:03:46.721000','ayi98@gmail.com','삼성물산 IT 2차','안영이','삼성물산 IT',0,'P',2,NULL,1993),(114,'10887591','2023-02-16 22:03:46.726000','white96@gmail.com','삼성물산 IT 2차','장백기','삼성물산 IT',0,'P',2,NULL,1994),(115,'10887592','2023-02-16 22:03:46.732000','bongbong@gmail.com','삼성물산 IT 2차','한석율','삼성물산 IT',0,'P',2,NULL,1995),(116,'10887593','2023-02-16 22:03:46.738000','yejin@gmail.com','삼성물산 IT 2차','손예진','삼성물산 IT',0,'NP',2,NULL,1996),(117,'10887594','2023-02-16 22:03:46.743000','shinhye@gmail.com','삼성물산 IT 2차','박신혜','삼성물산 IT',0,'P',2,NULL,1997),(118,'10887595','2023-02-16 22:03:46.749000','sohyeun96@gmail.com','삼성물산 IT 2차','김소현','삼성물산 IT',0,'NP',2,NULL,1998),(119,'10887596','2023-02-16 22:03:46.754000','iuiu@gmail.com','삼성물산 IT 2차','이지은','삼성물산 IT',0,'P',2,NULL,1999),(120,'10887597','2023-02-16 22:03:46.759000','wise88@gmail.com','삼성물산 IT 2차','한예슬','삼성물산 IT',0,'P',2,NULL,2000),(121,'10887598','2023-02-16 22:03:46.764000','tuna76@gmail.com','삼성물산 IT 2차','강동원','삼성물산 IT',0,'P',2,NULL,2001),(122,'10887599','2023-02-16 22:03:46.770000','share98@gmail.com','삼성물산 IT 2차','공유','삼성물산 IT',0,'NP',2,NULL,2002),(123,'10887600','2023-02-16 22:03:46.776000','gsu87@gmail.com','삼성물산 IT 2차','권상우','삼성물산 IT',0,'P',2,NULL,2003);
/*!40000 ALTER TABLE `applicants_pass_log` ENABLE KEYS */;
UNLOCK TABLES;

--
-- Table structure for table `applicants_univs`
--

DROP TABLE IF EXISTS `applicants_univs`;
/*!40101 SET @saved_cs_client     = @@character_set_client */;
/*!50503 SET character_set_client = utf8mb4 */;
CREATE TABLE `applicants_univs` (
  `applicant_univ_id` bigint NOT NULL,
  `area` varchar(30) DEFAULT NULL,
  `campus` varchar(20) DEFAULT NULL,
  `name` varchar(50) DEFAULT NULL,
  PRIMARY KEY (`applicant_univ_id`)
) ENGINE=InnoDB DEFAULT CHARSET=utf8mb4 COLLATE=utf8mb4_0900_ai_ci;
/*!40101 SET character_set_client = @saved_cs_client */;

--
-- Dumping data for table `applicants_univs`
--

LOCK TABLES `applicants_univs` WRITE;
/*!40000 ALTER TABLE `applicants_univs` DISABLE KEYS */;
INSERT INTO `applicants_univs` VALUES (1,'시도명','본분교구분명','학교명'),(2,'경상북도','제2캠퍼','가야대학교(고령)'),(3,'경상남도','본교','가야대학교(김해)'),(4,'경기도','본교','가천대학교'),(5,'강원도','본교','가톨릭관동대학교'),(6,'충청북도','본교','가톨릭꽃동네대학교'),(7,'경기도','본교','가톨릭대학교'),(8,'서울특별시','제2캠퍼','가톨릭대학교'),(9,'서울특별시','제3캠퍼','가톨릭대학교'),(10,'서울특별시','본교','감리교신학대학교'),(11,'경기도','본교','강남대학교'),(12,'강원도','본교','강릉원주대학교'),(13,'강원도','제2캠퍼','강릉원주대학교'),(14,'서울특별시','본교','강서대학교'),(15,'강원도','본교','강원대학교'),(16,'강원도','제2캠퍼','강원대학교'),(17,'서울특별시','본교','건국대학교'),(18,'충청북도','분교','건국대학교(글로컬)'),(19,'충청남도','본교','건양대학교'),(20,'대전광역시','제2캠퍼','건양대학교'),(21,'대전광역시','본교','건양사이버대학교'),(22,'경기도','본교','경기대학교'),(23,'서울특별시','제2캠퍼','경기대학교'),(24,'경상남도','본교','경남과학기술대학교'),(25,'경상남도','본교','경남대학교'),(26,'강원도','본교','경동대학교'),(27,'강원도','제2캠퍼','경동대학교'),(28,'강원도','제3캠퍼','경동대학교'),(29,'경기도','제4캠퍼','경동대학교'),(30,'대구광역시','본교','경북대학교'),(31,'경상남도','본교','경상국립대학교'),(32,'부산광역시','본교','경성대학교'),(33,'경상북도','본교','경운대학교'),(34,'경상북도','본교','경운대학교(산업대)'),(35,'인천광역시','본교','경인교육대학교'),(36,'경기도','제2캠퍼','경인교육대학교'),(37,'경상북도','본교','경일대학교'),(38,'경상북도','본교','경주대학교'),(39,'서울특별시','본교','경희대학교'),(40,'서울특별시','본교','경희사이버대학교'),(41,'대구광역시','본교','계명대학교'),(42,'서울특별시','본교','고려대학교'),(43,'세종특별자치시','분교','고려대학교(세종)'),(44,'서울특별시','본교','고려사이버대학교'),(45,'부산광역시','본교','고신대학교'),(46,'충청남도','본교','공주교육대학교'),(47,'충청남도','본교','공주대학교'),(48,'광주광역시','본교','광신대학교'),(49,'서울특별시','본교','광운대학교'),(50,'전라남도','본교','광주가톨릭대학교'),(51,'광주광역시','본교','광주과학기술원'),(52,'광주광역시','본교','광주교육대학교'),(53,'광주광역시','본교','광주대학교'),(54,'광주광역시','본교','광주여자대학교'),(55,'서울특별시','본교','국민대학교'),(56,'경기도','본교','국제사이버대학교'),(57,'전라북도','본교','군산대학교'),(58,'충청북도','본교','극동대학교'),(59,'충청남도','본교','글로벌사이버대학교'),(60,'충청남도','본교','금강대학교'),(61,'경상북도','본교','금오공과대학교'),(62,'경상북도','본교','김천대학교'),(63,'충청남도','본교','나사렛대학교'),(64,'광주광역시','본교','남부대학교'),(65,'충청남도','본교','남서울대학교'),(66,'충청남도','본교','남서울대학교(산업대)'),(67,'경기도','본교','단국대학교'),(68,'충청남도','제2캠퍼','단국대학교'),(69,'경상북도','본교','대구가톨릭대학교'),(70,'대구광역시','본교','대구경북과학기술원'),(71,'대구광역시','본교','대구교육대학교'),(72,'경상북도','본교','대구대학교'),(73,'경상북도','본교','대구사이버대학교'),(74,'경상북도','본교','대구예술대학교'),(75,'경상북도','본교','대구외국어대학교'),(76,'경상북도','본교','대구한의대학교'),(77,'경상북도','본교','대신대학교'),(78,'세종특별자치시','본교','대전가톨릭대학교'),(79,'대전광역시','본교','대전대학교'),(80,'대전광역시','본교','대전신학대학교'),(81,'경기도','본교','대진대학교'),(82,'서울특별시','본교','덕성여자대학교'),(83,'서울특별시','본교','동국대학교'),(84,'경상북도','분교','동국대학교(WISE)'),(85,'서울특별시','본교','동덕여자대학교'),(86,'부산광역시','본교','동명대학교'),(87,'부산광역시','본교','동서대학교'),(88,'전라남도','본교','동신대학교'),(89,'부산광역시','본교','동아대학교'),(90,'경상북도','본교','동양대학교'),(91,'부산광역시','본교','동의대학교'),(92,'서울특별시','본교','디지털서울문화예술대학교'),(93,'경기도','본교','루터대학교'),(94,'경기도','본교','명지대학교'),(95,'서울특별시','제2캠퍼','명지대학교'),(96,'대전광역시','본교','목원대학교'),(97,'전라남도','본교','목포가톨릭대학교'),(98,'전라남도','본교','목포대학교'),(99,'전라남도','본교','목포해양대학교'),(100,'대전광역시','본교','배재대학교'),(101,'충청남도','본교','백석대학교'),(102,'부산광역시','본교','부경대학교'),(103,'부산광역시','본교','부산가톨릭대학교'),(104,'부산광역시','본교','부산교육대학교'),(105,'부산광역시','본교','부산대학교'),(106,'부산광역시','본교','부산디지털대학교'),(107,'부산광역시','본교','부산외국어대학교'),(108,'경상남도','본교','부산장신대학교'),(109,'서울특별시','본교','사이버한국외국어대학교'),(110,'서울특별시','본교','삼육대학교'),(111,'서울특별시','본교','상명대학교'),(112,'충청남도','제2캠퍼','상명대학교'),(113,'강원도','본교','상지대학교'),(114,'서울특별시','본교','서강대학교'),(115,'서울특별시','본교','서경대학교'),(116,'전라북도','본교','서남대학교'),(117,'충청남도','제2캠퍼','서남대학교'),(118,'서울특별시','본교','서울과학기술대학교'),(119,'서울특별시','본교','서울교육대학교'),(120,'서울특별시','본교','서울기독대학교'),(121,'서울특별시','본교','서울대학교'),(122,'서울특별시','본교','서울디지털대학교'),(123,'서울특별시','본교','서울사이버대학교'),(124,'서울특별시','본교','서울시립대학교'),(125,'경기도','본교','서울신학대학교'),(126,'서울특별시','본교','서울여자대학교'),(127,'경기도','본교','서울장신대학교'),(128,'서울특별시','본교','서울한영대학교'),(129,'충청북도','본교','서원대학교'),(130,'충청남도','본교','선문대학교'),(131,'경기도','본교','성결대학교'),(132,'서울특별시','본교','성공회대학교'),(133,'서울특별시','본교','성균관대학교'),(134,'서울특별시','본교','성신여자대학교'),(135,'충청북도','본교','세명대학교'),(136,'서울특별시','본교','세종대학교'),(137,'서울특별시','본교','세종사이버대학교'),(138,'전라남도','본교','세한대학교'),(139,'광주광역시','본교','송원대학교'),(140,'경기도','본교','수원가톨릭대학교'),(141,'경기도','본교','수원대학교'),(142,'서울특별시','본교','숙명여자대학교'),(143,'충청북도','본교','순복음총회신학교'),(144,'전라남도','본교','순천대학교'),(145,'충청남도','본교','순천향대학교'),(146,'서울특별시','본교','숭실대학교'),(147,'서울특별시','본교','숭실사이버대학교'),(148,'부산광역시','본교','신라대학교'),(149,'경기도','본교','신한대학교'),(150,'경기도','제2캠퍼','신한대학교'),(151,'경기도','본교','아신대학교'),(152,'경기도','본교','아주대학교'),(153,'경상북도','본교','안동대학교'),(154,'경기도','본교','안양대학교'),(155,'인천광역시','제2캠퍼','안양대학교'),(156,'서울특별시','본교','연세대학교'),(157,'강원도','분교','연세대학교(미래)'),(158,'경상북도','본교','영남대학교'),(159,'경상북도','본교','영남신학대학교'),(160,'경상남도','본교','영산대학교'),(161,'부산광역시','제2캠퍼','영산대학교'),(162,'전라남도','본교','영산선학대학교'),(163,'전라북도','본교','예수대학교'),(164,'전라북도','본교','예원예술대학교'),(165,'경기도','제2캠퍼','예원예술대학교'),(166,'경기도','본교','용인대학교'),(167,'전라북도','본교','우석대학교'),(168,'대전광역시','본교','우송대학교'),(169,'대전광역시','본교','우송대학교(산업대)'),(170,'울산광역시','본교','울산과학기술원'),(171,'울산광역시','본교','울산대학교'),(172,'전라북도','본교','원광대학교'),(173,'전라북도','본교','원광디지털대학교'),(174,'경상북도','본교','위덕대학교'),(175,'충청북도','본교','유원대학교'),(176,'대전광역시','본교','을지대학교'),(177,'경기도','제2캠퍼','을지대학교'),(178,'경기도','제3캠퍼','을지대학교'),(179,'서울특별시','본교','이화여자대학교'),(180,'경상남도','본교','인제대학교'),(181,'부산광역시','제2캠퍼','인제대학교'),(182,'인천광역시','본교','인천가톨릭대학교'),(183,'인천광역시','제2캠퍼','인천가톨릭대학교'),(184,'인천광역시','본교','인천대학교'),(185,'인천광역시','본교','인하대학교'),(186,'서울특별시','본교','장로회신학대학교'),(187,'광주광역시','본교','전남대학교'),(188,'전라남도','제2캠퍼','전남대학교'),(189,'전라북도','본교','전북대학교'),(190,'전라북도','본교','전주교육대학교'),(191,'전라북도','본교','전주대학교'),(192,'서울특별시','본교','정석대학'),(193,'제주특별자치도','본교','제주국제대학교'),(194,'제주특별자치도','본교','제주대학교'),(195,'광주광역시','본교','조선대학교'),(196,'충청남도','본교','중부대학교'),(197,'서울특별시','본교','중앙대학교'),(198,'경기도','제2캠퍼','중앙대학교'),(199,'경기도','본교','중앙승가대학교'),(200,'충청북도','본교','중원대학교'),(201,'경상남도','본교','진주교육대학교'),(202,'경상남도','본교','진주산업대학교(산업대)'),(203,'경기도','본교','차의과학대학교'),(204,'경상남도','본교','창신대학교'),(205,'경상남도','본교','창원대학교'),(206,'충청남도','본교','청운대학교'),(207,'충청북도','본교','청주교육대학교'),(208,'충청북도','본교','청주대학교'),(209,'전라남도','본교','초당대학교'),(210,'전라남도','본교','초당대학교(산업대)'),(211,'서울특별시','본교','총신대학교'),(212,'서울특별시','본교','추계예술대학교'),(213,'강원도','본교','춘천교육대학교'),(214,'대전광역시','본교','충남대학교'),(215,'충청북도','본교','충북대학교'),(216,'경기도','본교','칼빈대학교'),(217,'제주특별자치도','본교','탐라대학교'),(218,'경기도','본교','평택대학교'),(219,'경상북도','본교','포항공과대학교'),(220,'경기도','본교','한경대학교'),(221,'경기도','본교','한경대학교(산업대)'),(222,'경기도','본교','한국공학대학교'),(223,'대전광역시','본교','한국과학기술원'),(224,'충청북도','본교','한국교원대학교'),(225,'충청북도','본교','한국교통대학교'),(226,'경상남도','본교','한국국제대학교'),(227,'충청남도','본교','한국기술교육대학교'),(228,'서울특별시','본교','한국방송통신대학교'),(229,'경기도','본교','한국산업기술대학교(산업대)'),(230,'서울특별시','본교','한국성서대학교'),(231,'전라남도','본교','한국에너지공과대학교'),(232,'부산광역시','본교','화신사이버대학교'),(233,'서울특별시','본교','한국열린사이버대학교'),(234,'서울특별시','본교','한국예술종합학교'),(235,'서울특별시','본교','한국외국어대학교'),(236,'충청남도','본교','한국전통문화대학교'),(237,'서울특별시','본교','한국체육대학교'),(238,'대전광역시','본교','한국침례신학대학교'),(239,'경기도','본교','한국항공대학교'),(240,'부산광역시','본교','한국해양대학교'),(241,'대전광역시','본교','한남대학교'),(242,'경상북도','본교','한동대학교'),(243,'강원도','본교','한라대학교'),(244,'전라남도','본교','한려대학교'),(245,'강원도','본교','한림대학교'),(246,'대전광역시','본교','한밭대학교'),(247,'대전광역시','본교','한밭대학교(산업대)'),(248,'경기도','본교','한북대학교'),(249,'충청남도','본교','한서대학교'),(250,'서울특별시','본교','한성대학교'),(251,'경기도','본교','한세대학교'),(252,'경기도','본교','한신대학교'),(253,'서울특별시','본교','한양대학교'),(254,'경기도','분교','한양대학교(ERICA)'),(255,'서울특별시','본교','한양사이버대학교'),(256,'전라북도','본교','한일장신대학교'),(257,'강원도','본교','한중대학교'),(258,'경기도','본교','협성대학교'),(259,'광주광역시','본교','호남대학교'),(260,'광주광역시','본교','호남신학대학교'),(261,'충청남도','본교','호서대학교'),(262,'전라북도','본교','호원대학교'),(263,'서울특별시','본교','홍익대학교'),(264,'세종특별자치시','제2캠퍼','홍익대학교'),(265,'경기도','본교','화성의과학대학교');
/*!40000 ALTER TABLE `applicants_univs` ENABLE KEYS */;
UNLOCK TABLES;

--
-- Table structure for table `chat_messages`
--

DROP TABLE IF EXISTS `chat_messages`;
/*!40101 SET @saved_cs_client     = @@character_set_client */;
/*!50503 SET character_set_client = utf8mb4 */;
CREATE TABLE `chat_messages` (
  `chat_message_id` bigint NOT NULL AUTO_INCREMENT,
  `created_at` datetime(6) DEFAULT NULL,
  `message` varchar(500) DEFAULT NULL,
  `chat_room_id` bigint DEFAULT NULL,
  PRIMARY KEY (`chat_message_id`),
  KEY `FKsxvml27k7t9fr1jovunp89mn6` (`chat_room_id`),
  CONSTRAINT `FKsxvml27k7t9fr1jovunp89mn6` FOREIGN KEY (`chat_room_id`) REFERENCES `chat_room` (`chat_room_id`)
) ENGINE=InnoDB DEFAULT CHARSET=utf8mb4 COLLATE=utf8mb4_0900_ai_ci;
/*!40101 SET character_set_client = @saved_cs_client */;

--
-- Dumping data for table `chat_messages`
--

LOCK TABLES `chat_messages` WRITE;
/*!40000 ALTER TABLE `chat_messages` DISABLE KEYS */;
/*!40000 ALTER TABLE `chat_messages` ENABLE KEYS */;
UNLOCK TABLES;

--
-- Table structure for table `chat_room`
--

DROP TABLE IF EXISTS `chat_room`;
/*!40101 SET @saved_cs_client     = @@character_set_client */;
/*!50503 SET character_set_client = utf8mb4 */;
CREATE TABLE `chat_room` (
  `chat_room_id` bigint NOT NULL AUTO_INCREMENT,
  `applicant_id` bigint DEFAULT NULL,
  `company_admin_id` bigint DEFAULT NULL,
  PRIMARY KEY (`chat_room_id`),
  KEY `FKaecf0kol2qrg5i1c4p1gk53ld` (`applicant_id`),
  KEY `FKcmik84ld3cnp95pdpw298ufdg` (`company_admin_id`),
  CONSTRAINT `FKaecf0kol2qrg5i1c4p1gk53ld` FOREIGN KEY (`applicant_id`) REFERENCES `applicants` (`applicant_id`),
  CONSTRAINT `FKcmik84ld3cnp95pdpw298ufdg` FOREIGN KEY (`company_admin_id`) REFERENCES `company_admins` (`company_admin_id`)
) ENGINE=InnoDB DEFAULT CHARSET=utf8mb4 COLLATE=utf8mb4_0900_ai_ci;
/*!40101 SET character_set_client = @saved_cs_client */;

--
-- Dumping data for table `chat_room`
--

LOCK TABLES `chat_room` WRITE;
/*!40000 ALTER TABLE `chat_room` DISABLE KEYS */;
/*!40000 ALTER TABLE `chat_room` ENABLE KEYS */;
UNLOCK TABLES;

--
-- Table structure for table `company_admins`
--

DROP TABLE IF EXISTS `company_admins`;
/*!40101 SET @saved_cs_client     = @@character_set_client */;
/*!50503 SET character_set_client = utf8mb4 */;
CREATE TABLE `company_admins` (
  `company_admin_id` bigint NOT NULL,
  `company_name` varchar(45) DEFAULT NULL,
  `email` varchar(45) DEFAULT NULL,
  `end_date` datetime(6) DEFAULT NULL,
  `industry` varchar(10) DEFAULT NULL,
  `is_expired` bit(1) NOT NULL DEFAULT b'0',
  `logo_image` varchar(1000) DEFAULT NULL,
  `name` varchar(10) DEFAULT NULL,
  `pwd` varchar(64) DEFAULT NULL,
  `size` varchar(10) DEFAULT NULL,
  `skin_color` varchar(20) DEFAULT NULL,
  `start_date` datetime(6) DEFAULT NULL,
  `tel` varchar(13) DEFAULT NULL,
  `user_id` varchar(50) DEFAULT NULL,
  `user_role` tinyint DEFAULT '2',
  PRIMARY KEY (`company_admin_id`)
) ENGINE=InnoDB DEFAULT CHARSET=utf8mb4 COLLATE=utf8mb4_0900_ai_ci;
/*!40101 SET character_set_client = @saved_cs_client */;

--
-- Dumping data for table `company_admins`
--

LOCK TABLES `company_admins` WRITE;
/*!40000 ALTER TABLE `company_admins` DISABLE KEYS */;
INSERT INTO `company_admins` VALUES (2,'삼성물산','ssofficial4563@samsung.com','2025-01-23 00:00:00.000000','IT',_binary '\0','','김민경','ApXTl^vISM','대기업','#1428A0','2022-01-23 00:00:00.000000','010-1234-1234','삼성물산CA20220123',2),(2057,'가가오전자','ggtech99@gagao.com','2025-01-23 00:00:00.000000','IT',_binary '\0',NULL,'김범수','aPVn1nBRGU','중견기업',NULL,'2022-01-23 00:00:00.000000','010-0034-1234','가가오전자CA20220123',2),(2058,'기글전자','gigglediggle@giggle.com','2025-01-23 00:00:00.000000','IT',_binary '\0',NULL,'양석원','qTRW2;1:5L','대기업',NULL,'2022-01-23 00:00:00.000000','010-1234-0000','기글전자CA20220123',2),(2059,'묻고더블물산','double546@mdcomp.com','2025-11-10 00:00:00.000000','건설업',_binary '\0',NULL,'강수영','QaY`j\\hJK5','중견기업',NULL,'2023-02-10 00:00:00.000000','010-1111-2222','묻고더블물산CA20230210',2),(2060,'순양물산','soonyang586@yangyang.com','2026-10-23 00:00:00.000000','건설업',_binary '\0',NULL,'진양철','Q[olq`US0>','중소기업',NULL,'2023-02-10 00:00:00.000000','010-3312-5555','순양물산CA20230210',2),(2184,'삼서엉물산','hongildong55@samsuung.com','2024-02-15 00:00:00.000000','건설업',_binary '\0',NULL,'홍길동','6X>NTUQ?XR','대기업',NULL,'2023-02-16 00:00:00.000000','010-2345-6789','삼서엉물산CA202302162184',2),(2187,'삼서엉건설','dasliebeich7@gmail.com','2024-02-15 00:00:00.000000','건설업',_binary '\0',NULL,'홍설아','GGc9v0NkGU','대기업',NULL,'2023-02-16 00:00:00.000000','010-3528-1948','삼서엉건설CA202302162187',2),(2188,'눈꽃전자','dasliebeich7@gmail.com','2024-02-15 00:00:00.000000','IT',_binary '\0',NULL,'박하영','YgdC>o>v=M','중견기업',NULL,'2023-02-16 00:00:00.000000','010-2345-6789','눈꽃전자CA202302162188',2),(2189,'콤부전자','dasliebeich7@gmail.com','2024-02-15 00:00:00.000000','IT',_binary '\0',NULL,'박콤부','UDI=3kfC_9','중견기업',NULL,'2023-02-16 00:00:00.000000','010-1234-1234','콤부전자CA202302162189',2),(2190,'싸피전자','dasliebeich7@gmail.com','2024-02-15 00:00:00.000000','IT',_binary '\0',NULL,'성복희','^RDsHfxbhO','대기업',NULL,'2023-02-16 00:00:00.000000','010-2345-6789','싸피전자CA202302162190',2);
/*!40000 ALTER TABLE `company_admins` ENABLE KEYS */;
UNLOCK TABLES;

--
-- Table structure for table `evaluation_items`
--

DROP TABLE IF EXISTS `evaluation_items`;
/*!40101 SET @saved_cs_client     = @@character_set_client */;
/*!50503 SET character_set_client = utf8mb4 */;
CREATE TABLE `evaluation_items` (
  `evaluation_item_id` bigint NOT NULL AUTO_INCREMENT,
  `scale_content` varchar(500) DEFAULT NULL,
  `score_range` tinyint DEFAULT NULL,
  `evaluation_sheet_id` bigint DEFAULT NULL,
  PRIMARY KEY (`evaluation_item_id`),
  KEY `FKln4n0oywmybfpb0j0ggffn4b8` (`evaluation_sheet_id`),
  CONSTRAINT `FKln4n0oywmybfpb0j0ggffn4b8` FOREIGN KEY (`evaluation_sheet_id`) REFERENCES `evaluation_sheets` (`evaluation_sheet_id`)
) ENGINE=InnoDB AUTO_INCREMENT=10 DEFAULT CHARSET=utf8mb4 COLLATE=utf8mb4_0900_ai_ci;
/*!40101 SET character_set_client = @saved_cs_client */;

--
-- Dumping data for table `evaluation_items`
--

LOCK TABLES `evaluation_items` WRITE;
/*!40000 ALTER TABLE `evaluation_items` DISABLE KEYS */;
INSERT INTO `evaluation_items` VALUES (1,'[직무역량]',20,1),(2,'[성취지향] 어려웠던 일에 대해 어려움을 극복하고 성공적으로 일을 마쳤던 사례',20,1),(3,'[자기계발] 현재 자신의 성격상 장단점을 제외하고 어떠한 부분이 부족하며, 어떻게 발전시킬 예정입니까? ',20,1),(4,'[경력개발] 앞으로 회사의 일원이 된다면 개인의 어떤 부분을 발전시켜 기여하겠습니까?',20,1),(5,'[의견조정] 직무수행 또는 학교생활 중 선배, 동료, 후배(직원)과의 의견이 대립됐을 경우 어떻게 해결하였습니까?',20,1),(6,'[목표달성의지/문제해결능력] 업무에 대한 열정, 준비성, 프로의식, 창의력, 분석력, 종합적인 판단능력',25,2),(7,'[적응력/성장가능성] 지원동기, 사유, 대인관계, 직무 이해도',25,2),(8,'[표현력] 말투, 자신감, 정확성, 논리력, 설득력',25,2),(9,'[기본소양/윤리의식] 성격, 가치관, 품성, 예절, 인상, 태도, 일반상식, 윤리의식 등',25,2);
/*!40000 ALTER TABLE `evaluation_items` ENABLE KEYS */;
UNLOCK TABLES;

--
-- Table structure for table `evaluation_results`
--

DROP TABLE IF EXISTS `evaluation_results`;
/*!40101 SET @saved_cs_client     = @@character_set_client */;
/*!50503 SET character_set_client = utf8mb4 */;
CREATE TABLE `evaluation_results` (
  `evaluation_result_id` bigint NOT NULL AUTO_INCREMENT,
  `content` varchar(1000) DEFAULT NULL,
  `score` tinyint DEFAULT NULL,
  `applicant_evaluator_id` bigint DEFAULT NULL,
  `evaluation_item_id` bigint DEFAULT NULL,
  PRIMARY KEY (`evaluation_result_id`),
  KEY `FKktxr77ysjv7ofjoqbw617om7o` (`applicant_evaluator_id`),
  KEY `FKanckj9yl6er0oid64t5y0a33w` (`evaluation_item_id`),
  CONSTRAINT `FKanckj9yl6er0oid64t5y0a33w` FOREIGN KEY (`evaluation_item_id`) REFERENCES `evaluation_items` (`evaluation_item_id`),
  CONSTRAINT `FKktxr77ysjv7ofjoqbw617om7o` FOREIGN KEY (`applicant_evaluator_id`) REFERENCES `applicants_evaluators` (`applicant_evaluator_id`)
) ENGINE=InnoDB AUTO_INCREMENT=83 DEFAULT CHARSET=utf8mb4 COLLATE=utf8mb4_0900_ai_ci;
/*!40101 SET character_set_client = @saved_cs_client */;

--
-- Dumping data for table `evaluation_results`
--

LOCK TABLES `evaluation_results` WRITE;
/*!40000 ALTER TABLE `evaluation_results` DISABLE KEYS */;
INSERT INTO `evaluation_results` VALUES (1,'직무역량 굿',100,1,1),(2,'잘해쏘오',18,3,1),(3,'호호호',17,3,2),(4,'잘해쏘오ㅎㅎㅎ',18,3,3),(5,'다나끼상이 지명해주께에',14,3,4),(6,'잘해쏘오ㅎㅎㅎㅎ',18,3,5),(7,'잘해쏘오ㅎㅎㅎㅎ',18,106,6),(8,'잘해쏘오ㅎㅎㅎㅎ',10,106,7),(9,'잘해쏘오ㅎㅎㅎㅎ',18,106,8),(10,'잘해쏘오ㅎㅎㅎㅎ',18,106,9),(11,'잘해쏘오ㅎㅎㅎㅎ',18,107,6),(12,'잘해쏘오ㅎㅎㅎㅎ',10,107,7),(13,'잘해쏘오ㅎㅎㅎㅎ',18,107,8),(14,'잘해쏘오ㅎㅎㅎㅎ',18,107,9),(15,'잘해쏘오ㅎㅎㅎㅎ',5,134,6),(16,'잘해쏘오ㅎㅎㅎㅎ',10,134,7),(17,'잘해쏘오ㅎㅎㅎㅎ',3,134,8),(18,'잘해쏘오ㅎㅎㅎㅎ',18,134,9),(19,'잘해쏘오ㅎㅎㅎㅎ',15,108,6),(20,'잘해쏘오ㅎㅎㅎㅎ',1,108,7),(21,'잘해쏘오ㅎㅎㅎㅎ',13,108,8),(22,'잘해쏘오ㅎㅎㅎㅎ',11,108,9),(23,'잘해쏘오ㅎㅎㅎㅎ',9,109,6),(24,'잘해쏘오ㅎㅎㅎㅎ',4,109,7),(25,'잘해쏘오ㅎㅎㅎㅎ',10,109,8),(26,'잘해쏘오ㅎㅎㅎㅎ',11,109,9),(27,'잘해쏘오ㅎㅎㅎㅎ',19,117,6),(28,'잘해쏘오ㅎㅎㅎㅎ',20,117,7),(29,'잘해쏘오ㅎㅎㅎㅎ',10,117,8),(30,'잘해쏘오ㅎㅎㅎㅎ',21,117,9),(31,'잘해쏘오ㅎㅎㅎㅎ',8,118,6),(32,'잘해쏘오ㅎㅎㅎㅎ',20,118,7),(33,'잘해쏘오ㅎㅎㅎㅎ',10,118,8),(34,'잘해쏘오ㅎㅎㅎㅎ',21,118,9),(35,'잘해쏘오ㅎㅎㅎㅎ',11,151,6),(36,'잘해쏘오ㅎㅎㅎㅎ',9,151,7),(37,'잘해쏘오ㅎㅎㅎㅎ',10,151,8),(38,'잘해쏘오ㅎㅎㅎㅎ',21,151,9),(39,'잘해쏘오ㅎㅎㅎㅎ',11,152,6),(40,'잘해쏘오ㅎㅎㅎㅎ',9,152,7),(41,'잘해쏘오ㅎㅎㅎㅎ',10,152,8),(42,'잘해쏘오ㅎㅎㅎㅎ',21,152,9),(43,'',0,134,1),(44,'',0,134,2),(45,'',0,134,3),(46,'',0,134,4),(47,'',0,134,5),(48,'평',10,9,1),(49,'가',10,9,2),(50,'테',10,9,3),(51,'스',10,9,4),(52,'트',10,9,5),(53,'',0,10,1),(54,'',0,10,2),(55,'',0,10,3),(56,'',0,10,4),(57,'',0,10,5),(58,'점수가',10,11,1),(59,'반영이',10,11,2),(60,'되는 건지',10,11,3),(61,'안돼는 건지 ',10,11,4),(62,'모르겠네요',10,11,5),(63,'훌륭한 것 같다.',18,27,1),(64,'없었던 것 같다.',10,27,2),(65,'잘 발전시키겠지',20,27,3),(66,'끈기',17,27,4),(67,'잘 해결했겠지',20,27,5),(68,'굳',17,25,1),(69,'삼행시를 성공적으로 수행',20,25,2),(70,'무난해보임',15,25,3),(71,'삼행시 실력을 키워야할듯',10,25,4),(72,'삼행시로 해결',20,25,5),(73,'',0,28,1),(74,'',0,28,2),(75,'',0,28,3),(76,'',0,28,4),(77,'',0,28,5),(78,'굳',17,26,1),(79,'삼행시를 성공적으로 수행',20,26,2),(80,'무난해보임',15,26,3),(81,'삼행시 실력을 키워야할듯',10,26,4),(82,'삼행시로 해결',20,26,5);
/*!40000 ALTER TABLE `evaluation_results` ENABLE KEYS */;
UNLOCK TABLES;

--
-- Table structure for table `evaluation_sheets`
--

DROP TABLE IF EXISTS `evaluation_sheets`;
/*!40101 SET @saved_cs_client     = @@character_set_client */;
/*!50503 SET character_set_client = utf8mb4 */;
CREATE TABLE `evaluation_sheets` (
  `evaluation_sheet_id` bigint NOT NULL AUTO_INCREMENT,
  `name` varchar(30) DEFAULT NULL,
  `company_admin_id` bigint DEFAULT NULL,
  PRIMARY KEY (`evaluation_sheet_id`),
  KEY `FK86pg0y9oevy5srkdopdsd9d8g` (`company_admin_id`),
  CONSTRAINT `FK86pg0y9oevy5srkdopdsd9d8g` FOREIGN KEY (`company_admin_id`) REFERENCES `company_admins` (`company_admin_id`)
) ENGINE=InnoDB AUTO_INCREMENT=3 DEFAULT CHARSET=utf8mb4 COLLATE=utf8mb4_0900_ai_ci;
/*!40101 SET character_set_client = @saved_cs_client */;

--
-- Dumping data for table `evaluation_sheets`
--

LOCK TABLES `evaluation_sheets` WRITE;
/*!40000 ALTER TABLE `evaluation_sheets` DISABLE KEYS */;
INSERT INTO `evaluation_sheets` VALUES (1,'삼성물산 IT 평가지',2),(2,'삼성물산 인사 평가지',2);
/*!40000 ALTER TABLE `evaluation_sheets` ENABLE KEYS */;
UNLOCK TABLES;

--
-- Table structure for table `evaluators`
--

DROP TABLE IF EXISTS `evaluators`;
/*!40101 SET @saved_cs_client     = @@character_set_client */;
/*!50503 SET character_set_client = utf8mb4 */;
CREATE TABLE `evaluators` (
  `evaluator_id` bigint NOT NULL,
  `code` varchar(45) DEFAULT NULL,
  `department` varchar(45) DEFAULT NULL,
  `email` varchar(45) DEFAULT NULL,
  `expire_date` datetime(6) DEFAULT NULL,
  `image` varchar(2090) DEFAULT NULL,
  `name` varchar(45) DEFAULT NULL,
  `position` varchar(30) DEFAULT NULL,
  `pwd` varchar(64) DEFAULT NULL,
  `tel` varchar(13) DEFAULT NULL,
  `user_id` varchar(50) DEFAULT NULL,
  `user_role` tinyint DEFAULT '3',
  `company_admin_id` bigint DEFAULT NULL,
  PRIMARY KEY (`evaluator_id`),
  KEY `FKc03wdljww8lrd1vu4io3juios` (`company_admin_id`),
  CONSTRAINT `FKc03wdljww8lrd1vu4io3juios` FOREIGN KEY (`company_admin_id`) REFERENCES `company_admins` (`company_admin_id`)
) ENGINE=InnoDB DEFAULT CHARSET=utf8mb4 COLLATE=utf8mb4_0900_ai_ci;
/*!40101 SET character_set_client = @saved_cs_client */;

--
-- Dumping data for table `evaluators`
--

LOCK TABLES `evaluators` WRITE;
/*!40000 ALTER TABLE `evaluators` DISABLE KEYS */;
INSERT INTO `evaluators` VALUES (4,'11111034','영업 3팀','commonsense2@samsung.com','2025-01-23 00:00:00.000000',NULL,'오상식','과장','=V_JdTUn\\9','010-4738-2911','삼성물산E11111034',3,2),(5,'11111035','영업 3팀','kds89@samsung.com','2025-01-23 00:00:00.000000',NULL,'김동식','대리','abbvQ1c:o2','010-8790-3922','삼성물산E11111035',3,2),(6,'11111036','영업 1팀','sunny0913@samsung.com','2025-01-23 00:00:00.000000',NULL,'선차장','차장','dtgiopl]^8','010-1329-4922','삼성물산E11111036',3,2),(7,'11111037','섬유 1팀','sung2537@samsung.com','2025-01-23 00:00:00.000000',NULL,'성대리','대리','EozH\\9CEFy','010-9709-2842','삼성물산E11111037',3,2),(8,'11111038','영업 2팀','david89@samsung.com','2025-01-23 00:00:00.000000',NULL,'고과장','과장','CZdpaMj`bz','010-3528-1948','삼성물산E11111038',3,2),(9,'11111039','영업 3팀','faith0728@samsung.com','2025-01-23 00:00:00.000000',NULL,'천관웅','과장','8Uglg0]gR2','010-7837-4623','삼성물산E11111039',3,2),(10,'11111040','영업 본부','zia3824@samsung.com','2025-01-23 00:00:00.000000',NULL,'김부련','부장','7R@wlETS4q','010-1229-9821','삼성물산E11111040',3,2),(11,'11111041','자원 3팀','pgj78@samsung.com','2025-01-23 00:00:00.000000',NULL,'박과장','과장',';aH<@il?PB','010-9709-2842','삼성물산E11111041',3,2),(12,'11111042','전무이사','yesman79@samsung.com','2025-01-23 00:00:00.000000',NULL,'최전무','전무','O_md<h;DcZ','010-3528-1948','삼성물산E11111042',3,2),(13,'11111043','자원팀','devilcake8@samsung.com','2025-01-23 00:00:00.000000',NULL,'마부장','부장','4@ZP>z>iaM','010-7837-4623','삼성물산E11111043',3,2),(14,'11111044','자원 2팀','silverish8@samsung.com','2025-01-23 00:00:00.000000',NULL,'정과장','과장','2BfLj\\lQzm','010-7837-4623','삼성물산E11111044',3,2),(15,'11111045','IT 영업팀','jung2jung@samsung.com','2025-01-23 00:00:00.000000',NULL,'박대리','대리','<GKAT`xBH<','010-7837-4623','삼성물산E11111045',3,2),(16,'11111046','자원 2팀','younistar23@samsung.com','2025-01-23 00:00:00.000000',NULL,'유대리','대리','HbDUbSQBW0','010-7837-4623','삼성물산E11111046',3,2),(17,'11111047','자원 2팀','samsoong23@samsung.com','2025-01-23 00:00:00.000000',NULL,'하대리','대리','q5Q`4a1m>U','010-7837-4623','삼성물산E11111047',3,2),(18,'11111048','철강팀','riverpark35@samsung.com','2025-01-23 00:00:00.000000',NULL,'강대리','대리','FGOA;xYQ>=','010-7837-4623','삼성물산E11111048',3,2),(19,'11111049','철강팀','heeracle@naver.com','2025-01-23 00:00:00.000000',NULL,'신다인','사원','ocbbuW9FEb','010-7837-4623','삼성물산E11111049',3,2),(2062,'11111050','영업 2팀','roadeast@naver.com','2025-01-23 00:00:00.000000',NULL,'홍길동','주임','?reGk9w`=C','010-3821-0482','삼성물산E11111050',3,2),(2065,'11111051','자원팀','macho@naver.com','2025-01-23 00:00:00.000000',NULL,'공마초','대리','iKHUDCU;3>','010-7378-2298','삼성물산E11111051',3,2),(2066,'11111052','전무이사','noman79@samsung.com','2025-01-23 00:00:00.000000',NULL,'홍전무','전무','go>mMH9tE=','010-3382-2294','삼성물산E11111052',3,2),(2070,'11111053','철강팀','steelman@naver.com','2025-01-23 00:00:00.000000',NULL,'강철비','부장',';yP<z:wK=L','010-3293-4445','삼성물산E11111053',3,2),(2073,'11111054','섬유 1팀','dog@samsung.com','2025-01-23 00:00:00.000000',NULL,'강아지','전무','?FKp:f_X<7','010-3233-4424','삼성물산E11111054',3,2),(2074,'11111055','영업 2팀','choi@samsung.com','2025-01-23 00:00:00.000000',NULL,'최이사','이사','MKW3pJ0mkB','010-2323-5555','삼성물산E11111055',3,2),(2075,'11111056','IT 영업팀','cat@samsung.com','2025-01-23 00:00:00.000000',NULL,'고양이','사원','ElxDP3TIG2','010-6345-4123','삼성물산E11111056',3,2),(2086,'11111057','섬유 1팀','catcat@naver.com','2025-01-23 00:00:00.000000',NULL,'고영희','주임','NFbynNaA0j','010-2312-2341','삼성물산E11111057',3,2),(2191,'11117777','IT 영업팀','sinamon777@samsung.com','2025-01-23 00:00:00.000000',NULL,'강시몬','차장','Of33XZBQuT','010-2345-6789','삼성물산E11117777',3,2),(2198,'1111','','kang34@gmail.com','2025-01-23 00:00:00.000000',NULL,'강차장','사장',NULL,'010-2345-2345',NULL,3,2057),(2199,'1112','','kim@gmail.com','2025-01-23 00:00:00.000000',NULL,'김상무','상무',NULL,'010-2345-2323',NULL,3,2057);
/*!40000 ALTER TABLE `evaluators` ENABLE KEYS */;
UNLOCK TABLES;

--
-- Table structure for table `evaluators_interview_rooms`
--

DROP TABLE IF EXISTS `evaluators_interview_rooms`;
/*!40101 SET @saved_cs_client     = @@character_set_client */;
/*!50503 SET character_set_client = utf8mb4 */;
CREATE TABLE `evaluators_interview_rooms` (
  `evaluator_interview_room_id` bigint NOT NULL AUTO_INCREMENT,
  `evaluator_id` bigint DEFAULT NULL,
  `interview_room_id` bigint DEFAULT NULL,
  PRIMARY KEY (`evaluator_interview_room_id`),
  KEY `FKahc2pk1qqrblrjc8i00cfeys5` (`evaluator_id`),
  KEY `FK7816pq3ivgdw6po8ai03q41a1` (`interview_room_id`),
  CONSTRAINT `FK7816pq3ivgdw6po8ai03q41a1` FOREIGN KEY (`interview_room_id`) REFERENCES `interview_rooms` (`interview_room_id`),
  CONSTRAINT `FKahc2pk1qqrblrjc8i00cfeys5` FOREIGN KEY (`evaluator_id`) REFERENCES `evaluators` (`evaluator_id`)
) ENGINE=InnoDB AUTO_INCREMENT=95 DEFAULT CHARSET=utf8mb4 COLLATE=utf8mb4_0900_ai_ci;
/*!40101 SET character_set_client = @saved_cs_client */;

--
-- Dumping data for table `evaluators_interview_rooms`
--

LOCK TABLES `evaluators_interview_rooms` WRITE;
/*!40000 ALTER TABLE `evaluators_interview_rooms` DISABLE KEYS */;
INSERT INTO `evaluators_interview_rooms` VALUES (1,4,1),(2,5,1),(3,6,2),(4,7,2),(5,8,3),(6,9,3),(7,10,4),(8,11,4),(9,12,5),(10,13,5),(11,14,6),(12,15,6),(13,16,7),(14,17,7),(15,18,8),(16,19,8),(17,4,9),(18,5,9),(19,6,10),(20,7,10),(21,8,11),(22,9,11),(23,10,12),(24,11,12),(42,4,22),(43,5,22),(44,6,23),(45,7,23),(47,8,24),(48,9,24),(49,17,1),(50,10,25),(51,11,25),(53,12,26),(54,13,26),(55,12,27),(56,13,27),(57,14,28),(58,15,28),(60,16,29),(61,17,29),(66,2062,1),(67,5,32),(68,6,32),(71,4,1),(72,7,34),(73,8,34),(74,9,35),(75,10,35),(76,15,36),(77,16,36),(81,2065,39),(92,11,37),(93,7,47),(94,11,47);
/*!40000 ALTER TABLE `evaluators_interview_rooms` ENABLE KEYS */;
UNLOCK TABLES;

--
-- Table structure for table `faqs`
--

DROP TABLE IF EXISTS `faqs`;
/*!40101 SET @saved_cs_client     = @@character_set_client */;
/*!50503 SET character_set_client = utf8mb4 */;
CREATE TABLE `faqs` (
  `faq_id` bigint NOT NULL AUTO_INCREMENT,
  `auth_range` tinyint DEFAULT '3',
  `content` varchar(5000) DEFAULT NULL,
  `created_at` datetime(6) DEFAULT NULL,
  `title` varchar(300) DEFAULT NULL,
  `service_admin_id` bigint DEFAULT NULL,
  PRIMARY KEY (`faq_id`),
  KEY `FKr179uraufui8souk9lcuw9xqj` (`service_admin_id`),
  CONSTRAINT `FKr179uraufui8souk9lcuw9xqj` FOREIGN KEY (`service_admin_id`) REFERENCES `service_admins` (`service_admin_id`)
) ENGINE=InnoDB AUTO_INCREMENT=6 DEFAULT CHARSET=utf8mb4 COLLATE=utf8mb4_0900_ai_ci;
/*!40101 SET character_set_client = @saved_cs_client */;

--
-- Dumping data for table `faqs`
--

LOCK TABLES `faqs` WRITE;
/*!40000 ALTER TABLE `faqs` DISABLE KEYS */;
INSERT INTO `faqs` VALUES (1,4,'테스트글입니다','2023-02-13 01:36:31.000000','제목 테스트글입니다.',1),(2,4,'테스트글입니다2','2023-02-13 01:36:41.000000','제목 테스트글입니다.2',1),(3,4,'테스트글입니다3','2023-02-13 01:36:48.000000','제목 테스트글입니다.3',1),(4,4,'테스트글입니다4','2023-02-13 01:36:54.000000','제목 테스트글입니다.4',1),(5,4,'테스트글입니다5','2023-02-13 01:37:02.000000','제목 테스트글입니다.5',1);
/*!40000 ALTER TABLE `faqs` ENABLE KEYS */;
UNLOCK TABLES;

--
-- Table structure for table `hibernate_sequence`
--

DROP TABLE IF EXISTS `hibernate_sequence`;
/*!40101 SET @saved_cs_client     = @@character_set_client */;
/*!50503 SET character_set_client = utf8mb4 */;
CREATE TABLE `hibernate_sequence` (
  `next_val` bigint DEFAULT NULL
) ENGINE=InnoDB DEFAULT CHARSET=utf8mb4 COLLATE=utf8mb4_0900_ai_ci;
/*!40101 SET character_set_client = @saved_cs_client */;

--
-- Dumping data for table `hibernate_sequence`
--

LOCK TABLES `hibernate_sequence` WRITE;
/*!40000 ALTER TABLE `hibernate_sequence` DISABLE KEYS */;
INSERT INTO `hibernate_sequence` VALUES (2201);
/*!40000 ALTER TABLE `hibernate_sequence` ENABLE KEYS */;
UNLOCK TABLES;

--
-- Table structure for table `interview_applicants_pass_log`
--

DROP TABLE IF EXISTS `interview_applicants_pass_log`;
/*!40101 SET @saved_cs_client     = @@character_set_client */;
/*!50503 SET character_set_client = utf8mb4 */;
CREATE TABLE `interview_applicants_pass_log` (
  `interview_applicants_pass_log_id` bigint NOT NULL AUTO_INCREMENT,
  `applicants_pass_log_id` bigint DEFAULT NULL,
  `interview_id` bigint DEFAULT NULL,
  PRIMARY KEY (`interview_applicants_pass_log_id`),
  KEY `FKgmcb8ejimhi3grqryldtkluw9` (`applicants_pass_log_id`),
  KEY `FKol6pv5tsgsxvr2oifty4tpbg9` (`interview_id`),
  CONSTRAINT `FKgmcb8ejimhi3grqryldtkluw9` FOREIGN KEY (`applicants_pass_log_id`) REFERENCES `applicants_pass_log` (`applicant_pass_log_id`),
  CONSTRAINT `FKol6pv5tsgsxvr2oifty4tpbg9` FOREIGN KEY (`interview_id`) REFERENCES `interviews` (`interview_id`)
) ENGINE=InnoDB DEFAULT CHARSET=utf8mb4 COLLATE=utf8mb4_0900_ai_ci;
/*!40101 SET character_set_client = @saved_cs_client */;

--
-- Dumping data for table `interview_applicants_pass_log`
--

LOCK TABLES `interview_applicants_pass_log` WRITE;
/*!40000 ALTER TABLE `interview_applicants_pass_log` DISABLE KEYS */;
/*!40000 ALTER TABLE `interview_applicants_pass_log` ENABLE KEYS */;
UNLOCK TABLES;

--
-- Table structure for table `interview_evaluators`
--

DROP TABLE IF EXISTS `interview_evaluators`;
/*!40101 SET @saved_cs_client     = @@character_set_client */;
/*!50503 SET character_set_client = utf8mb4 */;
CREATE TABLE `interview_evaluators` (
  `interview_evaluators_id` bigint NOT NULL AUTO_INCREMENT,
  `evaluator_id` bigint DEFAULT NULL,
  `interview_id` bigint DEFAULT NULL,
  PRIMARY KEY (`interview_evaluators_id`),
  KEY `FK4l1wrgdgdb1ry4auq1ktmxjl4` (`evaluator_id`),
  KEY `FKo8pdiqasbfe7onpubdu79cn8p` (`interview_id`),
  CONSTRAINT `FK4l1wrgdgdb1ry4auq1ktmxjl4` FOREIGN KEY (`evaluator_id`) REFERENCES `evaluators` (`evaluator_id`),
  CONSTRAINT `FKo8pdiqasbfe7onpubdu79cn8p` FOREIGN KEY (`interview_id`) REFERENCES `interviews` (`interview_id`)
) ENGINE=InnoDB DEFAULT CHARSET=utf8mb4 COLLATE=utf8mb4_0900_ai_ci;
/*!40101 SET character_set_client = @saved_cs_client */;

--
-- Dumping data for table `interview_evaluators`
--

LOCK TABLES `interview_evaluators` WRITE;
/*!40000 ALTER TABLE `interview_evaluators` DISABLE KEYS */;
/*!40000 ALTER TABLE `interview_evaluators` ENABLE KEYS */;
UNLOCK TABLES;

--
-- Table structure for table `interview_rooms`
--

DROP TABLE IF EXISTS `interview_rooms`;
/*!40101 SET @saved_cs_client     = @@character_set_client */;
/*!50503 SET character_set_client = utf8mb4 */;
CREATE TABLE `interview_rooms` (
  `interview_room_id` bigint NOT NULL AUTO_INCREMENT,
  `duration` int NOT NULL,
  `end_time` datetime(6) DEFAULT NULL,
  `name` varchar(45) DEFAULT NULL,
  `start_time` datetime(6) DEFAULT NULL,
  `interview_id` bigint DEFAULT NULL,
  `room_id` bigint DEFAULT NULL,
  `room_chat_id` bigint DEFAULT NULL,
  `interview_round` int NOT NULL,
  `process_name` varchar(45) DEFAULT NULL,
  `date` date DEFAULT NULL,
  PRIMARY KEY (`interview_room_id`),
  KEY `FKmmcecu46vsukewoa3seubr553` (`interview_id`),
  KEY `FKviaiya6a1iyxhu4mrw6pysno` (`room_id`),
  KEY `FKcrdgh2smy3pot17oj335pldum` (`room_chat_id`),
  CONSTRAINT `FKcrdgh2smy3pot17oj335pldum` FOREIGN KEY (`room_chat_id`) REFERENCES `room_chats` (`room_chat_id`),
  CONSTRAINT `FKmmcecu46vsukewoa3seubr553` FOREIGN KEY (`interview_id`) REFERENCES `interviews` (`interview_id`),
  CONSTRAINT `FKviaiya6a1iyxhu4mrw6pysno` FOREIGN KEY (`room_id`) REFERENCES `room` (`room_id`)
) ENGINE=InnoDB AUTO_INCREMENT=48 DEFAULT CHARSET=utf8mb4 COLLATE=utf8mb4_0900_ai_ci;
/*!40101 SET character_set_client = @saved_cs_client */;

--
-- Dumping data for table `interview_rooms`
--

LOCK TABLES `interview_rooms` WRITE;
/*!40000 ALTER TABLE `interview_rooms` DISABLE KEYS */;
INSERT INTO `interview_rooms` VALUES (1,30,'2023-02-17 15:00:00.000000','삼성물산 직무 면접 1-1','2023-02-17 14:30:00.000000',1,1,NULL,1,'삼성물산 IT','2023-02-17'),(2,30,'2023-02-17 15:00:00.000000','삼성물산 직무 면접 1-2','2023-02-17 14:30:00.000000',1,2,NULL,1,'삼성물산 IT','2023-02-17'),(3,30,'2023-02-17 15:30:00.000000','삼성물산 직무 면접 2-1','2023-02-17 15:00:00.000000',1,3,NULL,1,'삼성물산 IT','2023-02-17'),(4,30,'2023-02-17 15:30:00.000000','삼성물산 직무 면접 2-2','2023-02-17 15:00:00.000000',1,4,NULL,1,'삼성물산 IT','2023-02-17'),(5,30,'2023-02-17 16:00:00.000000','삼성물산 직무 면접 3-1','2023-02-17 15:30:00.000000',1,5,NULL,1,'삼성물산 IT','2023-02-17'),(6,30,'2023-02-17 16:00:00.000000','삼성물산 직무 면접 3-2','2023-02-17 15:30:00.000000',1,6,NULL,1,'삼성물산 IT','2023-02-17'),(7,30,'2023-02-17 16:30:00.000000','삼성물산 직무 면접 4-1','2023-02-17 16:00:00.000000',1,7,NULL,1,'삼성물산 IT','2023-02-17'),(8,30,'2023-02-17 16:30:00.000000','삼성물산 직무 면접 4-2','2023-02-17 16:00:00.000000',1,8,NULL,1,'삼성물산 IT','2023-02-17'),(9,30,'2023-02-17 17:00:00.000000','삼성물산 직무 면접 5-1','2023-02-17 16:30:00.000000',1,9,NULL,1,'삼성물산 IT','2023-02-17'),(10,30,'2023-02-17 17:00:00.000000','삼성물산 직무 면접 5-2','2023-02-17 16:30:00.000000',1,10,NULL,1,'삼성물산 IT','2023-02-17'),(11,30,'2023-02-17 17:30:00.000000','삼성물산 직무 면접 6-1','2023-02-17 17:00:00.000000',1,11,NULL,1,'삼성물산 IT','2023-02-17'),(12,30,'2023-02-17 17:30:00.000000','삼성물산 직무 면접 6-2','2023-02-17 17:00:00.000000',1,12,NULL,1,'삼성물산 IT','2023-02-17'),(22,30,'2023-01-03 15:00:00.000000','삼성물산 직무 면접 1-1','2023-01-03 14:30:00.000000',20,22,NULL,1,'삼성물산 영업','2023-01-03'),(23,30,'2023-01-04 15:00:00.000000','삼성물산 직무 면접 1-2','2023-01-04 14:30:00.000000',20,23,NULL,1,'삼성물산 영업','2023-01-04'),(24,30,'2023-01-03 15:30:00.000000','삼성물산 직무 면접 2-1','2023-01-03 15:00:00.000000',20,24,NULL,1,'삼성물산 영업','2023-01-03'),(25,30,'2023-01-04 15:30:00.000000','삼성물산 직무 면접 2-2','2023-01-04 15:00:00.000000',20,25,NULL,1,'삼성물산 영업','2023-01-04'),(26,30,'2023-01-03 16:00:00.000000','삼성물산 직무 면접 3-1','2023-01-03 15:30:00.000000',20,26,NULL,1,'삼성물산 영업','2023-01-03'),(27,30,'2023-01-03 16:00:00.000000','삼성물산 직무 면접 3-1','2023-01-03 15:30:00.000000',20,27,NULL,1,'삼성물산 영업','2023-01-03'),(28,30,'2023-01-04 16:00:00.000000','삼성물산 직무 면접 3-2','2023-01-04 15:30:00.000000',20,28,NULL,1,'삼성물산 영업','2023-01-04'),(29,30,'2023-01-03 16:30:00.000000','삼성물산 직무 면접 4-1','2023-01-03 16:00:00.000000',20,29,NULL,1,'삼성물산 영업','2023-01-03'),(32,30,'2023-01-31 16:00:00.000000','삼성물산 인성 면접 1-1','2023-01-31 15:30:00.000000',2,32,NULL,2,'삼성물산 IT','2023-01-31'),(34,30,'2023-01-31 16:30:00.000000','삼성물산 인성 면접 1-2','2023-01-31 16:00:00.000000',2,34,NULL,2,'삼성물산 IT','2023-01-31'),(35,30,'2023-02-01 16:00:00.000000','삼성물산 인성 면접 1-3','2023-02-01 15:30:00.000000',2,35,NULL,2,'삼성물산 IT','2023-02-01'),(36,30,'2023-02-01 16:00:00.000000','삼성물산 인성 면접 1-4','2023-02-01 15:30:00.000000',2,36,NULL,2,'삼성물산 IT','2023-02-01'),(37,30,'2023-01-31 16:00:00.000000','삼성물산 영업 2차 인성면접','2023-01-31 15:30:00.000000',21,37,NULL,2,'삼성물산 영업','2023-01-31'),(39,30,'2023-03-03 16:00:00.000000','삼성물산 IT 3차','2023-03-03 15:30:00.000000',3,39,NULL,3,'삼성물산 IT','2023-03-03'),(47,30,'2023-02-02 16:00:00.000000','삼성물산 인성 면접 1-5','2023-02-02 15:30:00.000000',2,47,NULL,2,'삼성물산 IT','2023-02-02');
/*!40000 ALTER TABLE `interview_rooms` ENABLE KEYS */;
UNLOCK TABLES;

--
-- Table structure for table `interviews`
--

DROP TABLE IF EXISTS `interviews`;
/*!40101 SET @saved_cs_client     = @@character_set_client */;
/*!50503 SET character_set_client = utf8mb4 */;
CREATE TABLE `interviews` (
  `interview_id` bigint NOT NULL AUTO_INCREMENT,
  `end_date` datetime(6) DEFAULT NULL,
  `name` varchar(64) DEFAULT NULL,
  `start_date` datetime(6) DEFAULT NULL,
  `step` tinyint DEFAULT NULL,
  `evaluation_sheet_id` bigint DEFAULT NULL,
  `process_id` bigint DEFAULT NULL,
  PRIMARY KEY (`interview_id`),
  KEY `FKs741jc9xapnrd8ppf5cnfkux0` (`evaluation_sheet_id`),
  KEY `FKh719khyqr1ehtqgmrh00f1mii` (`process_id`),
  CONSTRAINT `FKh719khyqr1ehtqgmrh00f1mii` FOREIGN KEY (`process_id`) REFERENCES `process` (`process_id`),
  CONSTRAINT `FKs741jc9xapnrd8ppf5cnfkux0` FOREIGN KEY (`evaluation_sheet_id`) REFERENCES `evaluation_sheets` (`evaluation_sheet_id`)
) ENGINE=InnoDB AUTO_INCREMENT=31 DEFAULT CHARSET=utf8mb4 COLLATE=utf8mb4_0900_ai_ci;
/*!40101 SET character_set_client = @saved_cs_client */;

--
-- Dumping data for table `interviews`
--

LOCK TABLES `interviews` WRITE;
/*!40000 ALTER TABLE `interviews` DISABLE KEYS */;
INSERT INTO `interviews` VALUES (1,'2023-02-18 00:00:00.000000','삼성물산 IT 1차','2023-02-17 08:00:00.000000',1,1,1),(2,'2023-02-24 00:00:00.000000','삼성물산 IT 2차','2023-02-23 08:00:00.000000',2,1,1),(3,'2023-03-04 00:00:00.000000','삼성물산 IT 3차','2023-03-03 08:00:00.000000',3,1,1),(20,'2023-01-04 00:00:00.000000','삼성물산 영업 1차 직무면접','2023-01-03 00:00:00.000000',1,2,12),(21,'2023-02-01 00:00:00.000000','삼성물산 영업 2차 인성면접','2023-01-31 00:00:00.000000',2,2,12),(28,'2023-02-22 00:00:00.000000','삼성물산 인사 인재 1차','2023-02-20 00:00:00.000000',1,2,16),(29,'2023-02-28 00:00:00.000000','삼성물산 인사 인재 2차','2023-02-27 00:00:00.000000',2,2,16),(30,'2023-03-10 00:00:00.000000','삼성물산 인사 인재 3차','2023-03-06 00:00:00.000000',3,2,16);
/*!40000 ALTER TABLE `interviews` ENABLE KEYS */;
UNLOCK TABLES;

--
-- Table structure for table `major_per_applicant`
--

DROP TABLE IF EXISTS `major_per_applicant`;
/*!40101 SET @saved_cs_client     = @@character_set_client */;
/*!50503 SET character_set_client = utf8mb4 */;
CREATE TABLE `major_per_applicant` (
  `major_per_applicant_id` bigint NOT NULL,
  `applicant_count` int NOT NULL DEFAULT '0',
  `major_name` varchar(200) DEFAULT NULL,
  `statistic_id` bigint DEFAULT NULL,
  PRIMARY KEY (`major_per_applicant_id`),
  KEY `FK874cs6t2u7rc0almrpx31a0vf` (`statistic_id`),
  CONSTRAINT `FK874cs6t2u7rc0almrpx31a0vf` FOREIGN KEY (`statistic_id`) REFERENCES `applicant_statistic` (`statistic_id`)
) ENGINE=InnoDB DEFAULT CHARSET=utf8mb4 COLLATE=utf8mb4_0900_ai_ci;
/*!40101 SET character_set_client = @saved_cs_client */;

--
-- Dumping data for table `major_per_applicant`
--

LOCK TABLES `major_per_applicant` WRITE;
/*!40000 ALTER TABLE `major_per_applicant` DISABLE KEYS */;
/*!40000 ALTER TABLE `major_per_applicant` ENABLE KEYS */;
UNLOCK TABLES;

--
-- Table structure for table `process`
--

DROP TABLE IF EXISTS `process`;
/*!40101 SET @saved_cs_client     = @@character_set_client */;
/*!50503 SET character_set_client = utf8mb4 */;
CREATE TABLE `process` (
  `process_id` bigint NOT NULL AUTO_INCREMENT,
  `current_step` tinyint DEFAULT '1',
  `end_date` datetime(6) DEFAULT NULL,
  `interview_count` tinyint DEFAULT NULL,
  `name` varchar(64) DEFAULT NULL,
  `start_date` datetime(6) DEFAULT NULL,
  `company_admin_id` bigint DEFAULT NULL,
  PRIMARY KEY (`process_id`),
  KEY `FKbum2llhwrsxycmfqssc78jxvc` (`company_admin_id`),
  CONSTRAINT `FKbum2llhwrsxycmfqssc78jxvc` FOREIGN KEY (`company_admin_id`) REFERENCES `company_admins` (`company_admin_id`)
) ENGINE=InnoDB AUTO_INCREMENT=18 DEFAULT CHARSET=utf8mb4 COLLATE=utf8mb4_0900_ai_ci;
/*!40101 SET character_set_client = @saved_cs_client */;

--
-- Dumping data for table `process`
--

LOCK TABLES `process` WRITE;
/*!40000 ALTER TABLE `process` DISABLE KEYS */;
INSERT INTO `process` VALUES (1,3,'2023-04-28 00:00:00.000000',3,'삼성물산 IT','2023-02-07 00:00:00.000000',2),(12,1,'2023-02-16 23:00:00.000000',2,'삼성물산 영업','2023-01-03 00:00:00.000000',2),(16,1,'2023-03-17 00:00:00.000000',3,'삼성물산 인사 인재 영입','2023-02-20 00:00:00.000000',2),(17,1,'2023-02-28 00:00:00.000000',2,'가가오전자 IT','2023-02-16 00:00:00.000000',2057);
/*!40000 ALTER TABLE `process` ENABLE KEYS */;
UNLOCK TABLES;

--
-- Table structure for table `process_applicants_pass_log`
--

DROP TABLE IF EXISTS `process_applicants_pass_log`;
/*!40101 SET @saved_cs_client     = @@character_set_client */;
/*!50503 SET character_set_client = utf8mb4 */;
CREATE TABLE `process_applicants_pass_log` (
  `process_applicants_pass_log` bigint NOT NULL AUTO_INCREMENT,
  `applicants_pass_log_id` bigint DEFAULT NULL,
  `process_id` bigint DEFAULT NULL,
  PRIMARY KEY (`process_applicants_pass_log`),
  KEY `FKcpwuonj8xb5e3humtp2nxge1t` (`applicants_pass_log_id`),
  KEY `FK5v1nadbbuf7k4gnnwr2tieesg` (`process_id`),
  CONSTRAINT `FK5v1nadbbuf7k4gnnwr2tieesg` FOREIGN KEY (`process_id`) REFERENCES `process` (`process_id`),
  CONSTRAINT `FKcpwuonj8xb5e3humtp2nxge1t` FOREIGN KEY (`applicants_pass_log_id`) REFERENCES `applicants_pass_log` (`applicant_pass_log_id`)
) ENGINE=InnoDB DEFAULT CHARSET=utf8mb4 COLLATE=utf8mb4_0900_ai_ci;
/*!40101 SET character_set_client = @saved_cs_client */;

--
-- Dumping data for table `process_applicants_pass_log`
--

LOCK TABLES `process_applicants_pass_log` WRITE;
/*!40000 ALTER TABLE `process_applicants_pass_log` DISABLE KEYS */;
/*!40000 ALTER TABLE `process_applicants_pass_log` ENABLE KEYS */;
UNLOCK TABLES;

--
-- Table structure for table `process_evaluators`
--

DROP TABLE IF EXISTS `process_evaluators`;
/*!40101 SET @saved_cs_client     = @@character_set_client */;
/*!50503 SET character_set_client = utf8mb4 */;
CREATE TABLE `process_evaluators` (
  `process_evaluators_id` bigint NOT NULL,
  `evaluator_id` bigint DEFAULT NULL,
  `process_id` bigint DEFAULT NULL,
  PRIMARY KEY (`process_evaluators_id`),
  KEY `FKdxbwawguvf93h889kc6esj41a` (`evaluator_id`),
  KEY `FK231ywx6uxeph1o7i9ctdukfmv` (`process_id`),
  CONSTRAINT `FK231ywx6uxeph1o7i9ctdukfmv` FOREIGN KEY (`process_id`) REFERENCES `process` (`process_id`),
  CONSTRAINT `FKdxbwawguvf93h889kc6esj41a` FOREIGN KEY (`evaluator_id`) REFERENCES `evaluators` (`evaluator_id`)
) ENGINE=InnoDB DEFAULT CHARSET=utf8mb4 COLLATE=utf8mb4_0900_ai_ci;
/*!40101 SET character_set_client = @saved_cs_client */;

--
-- Dumping data for table `process_evaluators`
--

LOCK TABLES `process_evaluators` WRITE;
/*!40000 ALTER TABLE `process_evaluators` DISABLE KEYS */;
INSERT INTO `process_evaluators` VALUES (2024,4,1),(2025,5,1),(2026,6,1),(2029,9,1),(2030,10,1),(2031,11,1),(2033,13,1),(2035,15,1),(2036,16,1),(2037,17,1),(2039,19,1),(2040,4,1),(2041,5,1),(2042,6,1),(2045,9,1),(2046,10,1),(2047,11,1),(2049,13,1),(2051,15,1),(2052,16,1),(2053,17,1),(2055,19,1),(2097,5,1),(2098,6,1),(2100,5,1),(2127,4,12),(2129,6,12),(2130,7,12),(2132,8,12),(2133,9,12),(2134,17,1),(2135,10,12),(2136,11,12),(2138,12,12),(2139,13,12),(2140,12,12),(2141,13,12),(2142,14,12),(2143,15,12),(2145,16,12),(2146,17,12),(2147,18,12),(2148,19,12),(2149,4,12),(2151,2062,1),(2160,6,12),(2162,6,12),(2163,4,1),(2164,7,12),(2165,8,12),(2166,9,12),(2167,10,12),(2168,15,12),(2169,16,12),(2172,4,12),(2173,2066,12),(2174,2065,1),(2175,4,12),(2176,4,12),(2178,4,12),(2182,7,12),(2183,6,1),(2186,11,12),(2196,7,1),(2197,11,1);
/*!40000 ALTER TABLE `process_evaluators` ENABLE KEYS */;
UNLOCK TABLES;

--
-- Table structure for table `room`
--

DROP TABLE IF EXISTS `room`;
/*!40101 SET @saved_cs_client     = @@character_set_client */;
/*!50503 SET character_set_client = utf8mb4 */;
CREATE TABLE `room` (
  `room_id` bigint NOT NULL AUTO_INCREMENT,
  `real_code` varchar(64) DEFAULT NULL,
  `wait_code` varchar(64) DEFAULT NULL,
  PRIMARY KEY (`room_id`)
) ENGINE=InnoDB AUTO_INCREMENT=48 DEFAULT CHARSET=utf8mb4 COLLATE=utf8mb4_0900_ai_ci;
/*!40101 SET character_set_client = @saved_cs_client */;

--
-- Dumping data for table `room`
--

LOCK TABLES `room` WRITE;
/*!40000 ALTER TABLE `room` DISABLE KEYS */;
INSERT INTO `room` VALUES (1,'0534593733a17d586ad1049796de9c057c3168f9e361952ef7c7197945557585','0a636b7844846f5cd766487b8323a38f6b66759d2bd70660f264357cc29d2c03'),(2,'ff55133b3f876860e3d645929363d2c7e6313f936cb10185ca560b376590f2b2','bd19ce3b3b4748270a7cd1146da2ed78d05453d3f50231a726f7a6d205d87df7'),(3,'079d70e513f6caf598a1996eb60bdf2029af85e1f3275a22c98c9da14d7cae4b','31b27558a0c670b2d82995a968f9759a552ccde6489896169b72fee9610a7145'),(4,'684cc25408722745f79e425ce86c087d8782230f351ddce143177a0677f9c4e5','d5143bb4690028a3e60d07076b0d16306db2170722d5699d7dc731e224fb3c16'),(5,'4c7f5e32ff8d893653bc4ca716694bd3f7a36254f7adb257fe1bd026f15da259','b1bdab78e3a4cd639b8932bf59fbd10aa6b8f33ccee841a7a393c13accf0ccf6'),(6,'93d892baa6a3df437645b3cfb5cdb110dc3ac27383a6df320b4db63dafc63cd1','18cf454a4d665f1abcd2bff2670f2f868cfde21c77a1390e8533610d3c38ef30'),(7,'33de9b9f0c2c06b956549f6999f349a54cdb67e9e575e71982bffe72eea2e857','aed84c29c31d1e7cb21fb46e7bcbd0d72826905ef9917f08383e3534639104ac'),(8,'df835d238a04dca438dbde2fedc1044d070a2525b0f58122c1b219f6edaf4b6f','73de4ab9a100f6696d86bc7a45eee9d4fa1f201307c179d07837070c7e20f42b'),(9,'27fc776283d125a22840d08339c3975f692f7d48ee03d476e33d8c1d016ff1ee','ac26ddbce79815ce76ebc874bca5a7d23ed7dac60dd6ce8263087b3d19f38891'),(10,'b3b4585bff89b1f66de301136a1ea6f70167bd90aaab5413bc673ceafdb9b630','044da9320ddb0287ef13e188fdc7fd47b52cf2e3e09a952e791169e7fbd30edd'),(11,'c9dfd9a493639dc82da77d09e6dc7d52d4eb75dec38d8dbf3c6c8913b9a14a6b','654a8c6b204acae102c946f01a01ed4a35ce984d22217e7355ed30ab0440b275'),(12,'fe0142ad65f1b7a6c4511dad844d8cebe4e4cdc461b02165b16886d8fb5c2808','9f46b43551cd83435f63735aaa7fac347bc061ecdebc3170009f8b1707c3c135'),(22,'9091f35cd3f07554585669aecd5a31f38bf6f4ef2f4781771f16197646a25e02','f605c8784344f9e7b07981476b5bfb70a22ea2fb0bbd1ee70b2c92e640bedc47'),(23,'eabc776cc028923a00f4028d0c742eed21d89527116354d66bccbf36db00bb16','ec967595dbbdf4595a3507187437260c4bd86b625adf6ac33ea6a23d40b56456'),(24,'38f23960c7de67eb30d642ae32620e3e5dbf5418d513d64e7dd753337bf90287','10ac48ce56b81c506d9ccae1a0d933334cb04601f9475e8b3810ca46e5ad1bed'),(25,'0a998ff35c6eb9bbc95f84aff8d89a0ec128e57d6c1ce2c42d71813710a9e1c0','e62f53da38919aeef7dd9aa459c4671e9669210893a3c12bbbb0420ede03b44a'),(26,'fdb423e89b2963f11cfcc39003793875bbf79526515559422ddd8344242ad3e1','85bcd7b67412983b7f6ad2387639c49b92ff178cad92bed40ae5d1280e149648'),(27,'2b525e7328144a86b3da0e40a6c0870746967a38858a43ef6491586cb13d1b79','792d6ff0923dfbd0e26ab4d857d7798550716f40a86991907d3cdef5023184dd'),(28,'8cca7489db336b57b2f40cf3a7d47c49a4785ee81df842e125461908f1e8d59c','53b20fa6a990230efc7c1428bf014e30c73379acf0df1c2fb42edc769f9f3ea7'),(29,'17490f513754eda1e383f7a8d119cd1d119d25f54c68f649ed8ddca2ff720cc1','e6145044434c089ba64bb1a8a9d70798d90da42fdeab1a0eacd5882ffa8f300e'),(32,'b2eeecf26122e6252196adf45dd91f5165230b5fd0b9bcf6ccaa7fbf8380bd5d','39ce55e911713224b4ead4914428f170d5fb1f6b1b07d18f35059e9e6f9615e9'),(34,'e9c9932433648d5011634f1ad12aa629d534c505944b44eec857e66ec58b478f','659650e613189cf4bba5bc36e56967cd06ea94bb85377fcf8f26de4bf925465a'),(35,'79365e045409db6b11a440b4d41b4a0ea2b8e153404009d9b1e4e3d52bb5d3cd','3c8b19e78f6c528b98ddf02473b3ac3037fcf3be43a1fef6d09ea58af2436390'),(36,'b35665aa6c294ceabd1430fefed50fde4de8dc9d924c187313d4737882222bb5','4bfe4b6f80403ea853122378dbc5acb536934b20026a1bb810a98e43d22c3cce'),(37,'95884b0d797fd4dd29cf49a45d8617cc2d030dc54e02e87b92d3ed5b7288d238','e9fa7ce2e776022a642079156aee2b340fde81adf04690938c392fbddda133b7'),(39,'e1b25650d8b9ba4cfc23f0a1c8090babf678a1f52d57e9ecf6da1084955accca','aaa09cf9e8aa927f9fc050bcfd2449815bd80873bc055c59f79310bb017b4d06'),(47,'a947098c3f7d718e2b5c3336c34d08ed012d252f0f5228b1e0c2710fcd461f2b','7d8ff904bc75c4948afe19c0d0b9b1babf4b781bb5e7bf4eb25f38c3271c2f06');
/*!40000 ALTER TABLE `room` ENABLE KEYS */;
UNLOCK TABLES;

--
-- Table structure for table `room_chats`
--

DROP TABLE IF EXISTS `room_chats`;
/*!40101 SET @saved_cs_client     = @@character_set_client */;
/*!50503 SET character_set_client = utf8mb4 */;
CREATE TABLE `room_chats` (
  `room_chat_id` bigint NOT NULL AUTO_INCREMENT,
  `message` varchar(300) DEFAULT NULL,
  `sender_id` varchar(50) DEFAULT NULL,
  PRIMARY KEY (`room_chat_id`)
) ENGINE=InnoDB DEFAULT CHARSET=utf8mb4 COLLATE=utf8mb4_0900_ai_ci;
/*!40101 SET character_set_client = @saved_cs_client */;

--
-- Dumping data for table `room_chats`
--

LOCK TABLES `room_chats` WRITE;
/*!40000 ALTER TABLE `room_chats` DISABLE KEYS */;
/*!40000 ALTER TABLE `room_chats` ENABLE KEYS */;
UNLOCK TABLES;

--
-- Table structure for table `service_admins`
--

DROP TABLE IF EXISTS `service_admins`;
/*!40101 SET @saved_cs_client     = @@character_set_client */;
/*!50503 SET character_set_client = utf8mb4 */;
CREATE TABLE `service_admins` (
  `service_admin_id` bigint NOT NULL,
  `email` varchar(45) DEFAULT NULL,
  `name` varchar(10) DEFAULT NULL,
  `pwd` varchar(64) DEFAULT NULL,
  `tel` varchar(13) DEFAULT NULL,
  `user_id` varchar(20) DEFAULT NULL,
  `user_role` tinyint DEFAULT '1',
  PRIMARY KEY (`service_admin_id`)
) ENGINE=InnoDB DEFAULT CHARSET=utf8mb4 COLLATE=utf8mb4_0900_ai_ci;
/*!40101 SET character_set_client = @saved_cs_client */;

--
-- Dumping data for table `service_admins`
--

LOCK TABLES `service_admins` WRITE;
/*!40000 ALTER TABLE `service_admins` DISABLE KEYS */;
INSERT INTO `service_admins` VALUES (1,'blackbunnya106@gmail.com','민호성','guest','010-1234-1234','bb_minho',1);
/*!40000 ALTER TABLE `service_admins` ENABLE KEYS */;
UNLOCK TABLES;

--
-- Table structure for table `service_notice_categories`
--

DROP TABLE IF EXISTS `service_notice_categories`;
/*!40101 SET @saved_cs_client     = @@character_set_client */;
/*!50503 SET character_set_client = utf8mb4 */;
CREATE TABLE `service_notice_categories` (
  `service_notice_category_id` bigint NOT NULL AUTO_INCREMENT,
  `name` varchar(30) DEFAULT NULL,
  PRIMARY KEY (`service_notice_category_id`)
) ENGINE=InnoDB AUTO_INCREMENT=5 DEFAULT CHARSET=utf8mb4 COLLATE=utf8mb4_0900_ai_ci;
/*!40101 SET character_set_client = @saved_cs_client */;

--
-- Dumping data for table `service_notice_categories`
--

LOCK TABLES `service_notice_categories` WRITE;
/*!40000 ALTER TABLE `service_notice_categories` DISABLE KEYS */;
INSERT INTO `service_notice_categories` VALUES (1,'버전 업데이트'),(2,'점검 안내'),(3,'일반'),(4,'기타');
/*!40000 ALTER TABLE `service_notice_categories` ENABLE KEYS */;
UNLOCK TABLES;

--
-- Table structure for table `service_notices`
--

DROP TABLE IF EXISTS `service_notices`;
/*!40101 SET @saved_cs_client     = @@character_set_client */;
/*!50503 SET character_set_client = utf8mb4 */;
CREATE TABLE `service_notices` (
  `service_notice_id` bigint NOT NULL AUTO_INCREMENT,
  `content` varchar(5000) DEFAULT NULL,
  `created_at` datetime(6) DEFAULT NULL,
  `title` varchar(300) DEFAULT NULL,
  `service_notice_category_id` bigint DEFAULT NULL,
  `service_admin_id` bigint DEFAULT NULL,
  PRIMARY KEY (`service_notice_id`),
  KEY `FKrc8758jel3w0859uxxpq9bral` (`service_notice_category_id`),
  KEY `FK9mto0tqfu5h578hm6a9wbgbj1` (`service_admin_id`),
  CONSTRAINT `FK9mto0tqfu5h578hm6a9wbgbj1` FOREIGN KEY (`service_admin_id`) REFERENCES `service_admins` (`service_admin_id`),
  CONSTRAINT `FKrc8758jel3w0859uxxpq9bral` FOREIGN KEY (`service_notice_category_id`) REFERENCES `service_notice_categories` (`service_notice_category_id`)
) ENGINE=InnoDB AUTO_INCREMENT=29 DEFAULT CHARSET=utf8mb4 COLLATE=utf8mb4_0900_ai_ci;
/*!40101 SET character_set_client = @saved_cs_client */;

--
-- Dumping data for table `service_notices`
--

LOCK TABLES `service_notices` WRITE;
/*!40000 ALTER TABLE `service_notices` DISABLE KEYS */;
INSERT INTO `service_notices` VALUES (1,'안녕하세요. BlackBunny 입니다. 저희 사이트 이용해주셔서 감사합니다.','2023-02-09 05:34:13.825000','안녕하세요. BlackBunny 입니다.',3,1),(2,'안녕하세요. Focus 버전 업데이트 되었습니다. 이용에 참고 부탁드립니다.','2023-02-09 05:34:22.186000','2023.02.09 버전 업데이트 안내',1,1),(3,'안녕하세요. 사이트 점검 안내 드립니다. [점검일시] 2023.02.11 오후 10시 ~ 오후 11시 30분 이용에 불편을 드려 죄송합니다.','2023-02-09 05:34:30.926000','2023.02.11 사이트 점검 안내',2,1),(4,'테스트중!!!!!!!!!!!!!!!!!','2023-02-10 08:21:46.843000','공지',2,1),(5,'테스트중!!!!!!!!!!!!!!!!!','2023-02-10 08:30:11.018000','공지',3,1),(6,'주말이다!!','2023-02-10 14:45:15.082000','공지 테스트 02 10 기념',4,1),(7,'반갑습니다','2023-02-13 08:23:42.983000','안녕하세요',3,1),(8,'반갑습니다','2023-02-13 08:23:46.968000','안녕하세요',3,1),(9,'반갑습니다','2023-02-13 08:23:48.498000','안녕하세요',3,1),(10,'반갑습니다','2023-02-13 08:23:50.386000','안녕하세요',3,1),(11,'반갑습니다','2023-02-13 08:23:50.953000','안녕하세요',3,1),(12,'반갑습니다','2023-02-13 08:23:51.119000','안녕하세요',3,1),(13,'반갑습니다','2023-02-13 08:23:51.276000','안녕하세요',3,1),(14,'반갑습니다','2023-02-13 08:23:51.440000','안녕하세요',3,1),(15,'반갑습니다','2023-02-13 08:23:51.579000','안녕하세요',3,1),(16,'반갑습니다','2023-02-13 08:23:51.730000','안녕하세요',3,1),(17,'반갑습니다','2023-02-13 08:23:51.862000','안녕하세요',3,1),(18,'반갑습니다','2023-02-13 08:23:52.040000','안녕하세요',3,1),(19,'반갑습니다','2023-02-13 08:23:52.181000','안녕하세요',3,1),(20,'반갑습니다','2023-02-13 08:23:52.320000','안녕하세요',3,1),(21,'반갑습니다','2023-02-13 08:23:52.465000','안녕하세요',3,1),(22,'반갑습니다','2023-02-13 08:23:52.632000','안녕하세요',3,1),(23,'잘놀다갑니다','2023-02-14 08:19:34.702000','안녕하세요 ',1,1),(24,'하하하하하하\n웃으면서 살고 계시나요?\n웃으면서 살면 복.. 아니 복희가 와요!!\n하하하하하하ㅏ하하하ㅏ\n','2023-02-15 08:53:38.246000','black bunny 이벤트입니다.',4,1),(25,'테스트입니다','2023-02-15 08:56:02.236000','테스트',2,1),(26,'안녕?\n줄바꿈은\n당연히\n안되겠지\n주륵','2023-02-15 08:57:16.721000','내가 한 번 테스트 해보지',4,1),(27,'내용','2023-02-16 04:17:54.781000','제목',1,1),(28,'공지\n공지\n공지','2023-02-16 04:18:18.574000','공지',3,1);
/*!40000 ALTER TABLE `service_notices` ENABLE KEYS */;
UNLOCK TABLES;
/*!40103 SET TIME_ZONE=@OLD_TIME_ZONE */;

/*!40101 SET SQL_MODE=@OLD_SQL_MODE */;
/*!40014 SET FOREIGN_KEY_CHECKS=@OLD_FOREIGN_KEY_CHECKS */;
/*!40014 SET UNIQUE_CHECKS=@OLD_UNIQUE_CHECKS */;
/*!40101 SET CHARACTER_SET_CLIENT=@OLD_CHARACTER_SET_CLIENT */;
/*!40101 SET CHARACTER_SET_RESULTS=@OLD_CHARACTER_SET_RESULTS */;
/*!40101 SET COLLATION_CONNECTION=@OLD_COLLATION_CONNECTION */;
/*!40111 SET SQL_NOTES=@OLD_SQL_NOTES */;

-- Dump completed on 2023-02-17  9:33:54
